
CREATE TABLE REGIONS
(
REGION_ID    INTEGER CONSTRAINT REGION_ID_NN   NOT NULL,
REGION_NAME  VARCHAR(25)
);


  CREATE TABLE COUNTRIES
 (
 COUNTRY_ID    CHAR(2) CONSTRAINT COUNTRY_ID_NN NOT NULL,
 COUNTRY_NAME  VARCHAR(40),
 REGION_ID     INTEGER, 
 CONSTRAINT COUNTRY_C_ID_PK
 PRIMARY KEY
 (COUNTRY_ID)
);

CREATE TABLE LOCATIONS
(
  LOCATION_ID     INTEGER,
  STREET_ADDRESS  VARCHAR(40),
  POSTAL_CODE     VARCHAR(12),
  CITY            VARCHAR(30) NOT NULL,
  STATE_PROVINCE  VARCHAR(25),
  COUNTRY_ID      CHAR(2)
);

CREATE TABLE JOBS
(
  JOB_ID      VARCHAR(10),
  JOB_TITLE   VARCHAR(35) CONSTRAINT JOB_TITLE_NN NOT NULL,
  MIN_SALARY  INTEGER,
  MAX_SALARY  INTEGER
);

CREATE UNIQUE INDEX JOB_ID_PK ON JOBS
(JOB_ID);


CREATE INDEX LOC_CITY_IX ON LOCATIONS
(CITY);


CREATE INDEX LOC_COUNTRY_IX ON LOCATIONS
(COUNTRY_ID);


CREATE UNIQUE INDEX LOC_ID_PK ON LOCATIONS
(LOCATION_ID);


CREATE INDEX LOC_STATE_PROVINCE_IX ON LOCATIONS
(STATE_PROVINCE);


CREATE UNIQUE INDEX REG_ID_PK ON REGIONS
(REGION_ID);


CREATE TABLE DEPARTMENTS
(
  DEPARTMENT_ID    INTEGER,
  DEPARTMENT_NAME  VARCHAR(30) CONSTRAINT DEPT_NAME_NN NOT NULL,
  MANAGER_ID       INTEGER,
  LOCATION_ID      INTEGER
);

CREATE TABLE EMPLOYEES
(
  EMPLOYEE_ID     INTEGER,
  FIRST_NAME      VARCHAR(20),
  LAST_NAME       VARCHAR(25) CONSTRAINT EMP_LAST_NAME_NN NOT NULL,
  EMAIL           VARCHAR(25) CONSTRAINT EMP_EMAIL_NN NOT NULL,
  PHONE_NUMBER    VARCHAR(20),
  HIRE_DATE       DATE CONSTRAINT EMP_HIRE_DATE_NN NOT NULL,
  JOB_ID          VARCHAR(10) CONSTRAINT EMP_JOB_NN NOT NULL,
  SALARY          NUMERIC(8,2),
  COMMISSION_PCT  NUMERIC(2,2),
  MANAGER_ID      INTEGER,
  DEPARTMENT_ID   INTEGER
);

CREATE TABLE JOB_HISTORY
(
  EMPLOYEE_ID    INTEGER CONSTRAINT JHIST_EMPLOYEE_NN NOT NULL,
  START_DATE     DATE CONSTRAINT JHIST_START_DATE_NN NOT NULL,
  END_DATE       DATE CONSTRAINT JHIST_END_DATE_NN NOT NULL,
  JOB_ID         VARCHAR(10) CONSTRAINT JHIST_JOB_NN NOT NULL,
  DEPARTMENT_ID  INTEGER
);

Insert into COUNTRIES
   (COUNTRY_ID, COUNTRY_NAME, REGION_ID)
 Values
   ('AR', 'Argentina', 2);
Insert into COUNTRIES
   (COUNTRY_ID, COUNTRY_NAME, REGION_ID)
 Values
   ('AU', 'Australia', 3);
Insert into COUNTRIES
   (COUNTRY_ID, COUNTRY_NAME, REGION_ID)
 Values
   ('BE', 'Belgium', 1);
Insert into COUNTRIES
   (COUNTRY_ID, COUNTRY_NAME, REGION_ID)
 Values
   ('BR', 'Brazil', 2);
Insert into COUNTRIES
   (COUNTRY_ID, COUNTRY_NAME, REGION_ID)
 Values
   ('CA', 'Canada', 2);
Insert into COUNTRIES
   (COUNTRY_ID, COUNTRY_NAME, REGION_ID)
 Values
   ('CH', 'Switzerland', 1);
Insert into COUNTRIES
   (COUNTRY_ID, COUNTRY_NAME, REGION_ID)
 Values
   ('CN', 'China', 3);
Insert into COUNTRIES
   (COUNTRY_ID, COUNTRY_NAME, REGION_ID)
 Values
   ('DE', 'Germany', 1);
Insert into COUNTRIES
   (COUNTRY_ID, COUNTRY_NAME, REGION_ID)
 Values
   ('DK', 'Denmark', 1);
Insert into COUNTRIES
   (COUNTRY_ID, COUNTRY_NAME, REGION_ID)
 Values
   ('EG', 'Egypt', 4);
Insert into COUNTRIES
   (COUNTRY_ID, COUNTRY_NAME, REGION_ID)
 Values
   ('FR', 'France', 1);
Insert into COUNTRIES
   (COUNTRY_ID, COUNTRY_NAME, REGION_ID)
 Values
   ('IL', 'Israel', 4);
Insert into COUNTRIES
   (COUNTRY_ID, COUNTRY_NAME, REGION_ID)
 Values
   ('IN', 'India', 3);
Insert into COUNTRIES
   (COUNTRY_ID, COUNTRY_NAME, REGION_ID)
 Values
   ('IT', 'Italy', 1);
Insert into COUNTRIES
   (COUNTRY_ID, COUNTRY_NAME, REGION_ID)
 Values
   ('JP', 'Japan', 3);
Insert into COUNTRIES
   (COUNTRY_ID, COUNTRY_NAME, REGION_ID)
 Values
   ('KW', 'Kuwait', 4);
Insert into COUNTRIES
   (COUNTRY_ID, COUNTRY_NAME, REGION_ID)
 Values
   ('ML', 'Malaysia', 3);
Insert into COUNTRIES
   (COUNTRY_ID, COUNTRY_NAME, REGION_ID)
 Values
   ('MX', 'Mexico', 2);
Insert into COUNTRIES
   (COUNTRY_ID, COUNTRY_NAME, REGION_ID)
 Values
   ('NG', 'Nigeria', 4);
Insert into COUNTRIES
   (COUNTRY_ID, COUNTRY_NAME, REGION_ID)
 Values
   ('NL', 'Netherlands', 1);
Insert into COUNTRIES
   (COUNTRY_ID, COUNTRY_NAME, REGION_ID)
 Values
   ('SG', 'Singapore', 3);
Insert into COUNTRIES
   (COUNTRY_ID, COUNTRY_NAME, REGION_ID)
 Values
   ('UK', 'United Kingdom', 1);
Insert into COUNTRIES
   (COUNTRY_ID, COUNTRY_NAME, REGION_ID)
 Values
   ('US', 'United States of America', 2);
Insert into COUNTRIES
   (COUNTRY_ID, COUNTRY_NAME, REGION_ID)
 Values
   ('ZM', 'Zambia', 4);
Insert into COUNTRIES
   (COUNTRY_ID, COUNTRY_NAME, REGION_ID)
 Values
   ('ZW', 'Zimbabwe', 4);



Insert into DEPARTMENTS
   (DEPARTMENT_ID, DEPARTMENT_NAME, MANAGER_ID, LOCATION_ID)
 Values
   (10, 'Administration', 200, 1700);
Insert into DEPARTMENTS
   (DEPARTMENT_ID, DEPARTMENT_NAME, MANAGER_ID, LOCATION_ID)
 Values
   (20, 'Marketing', 201, 1800);
Insert into DEPARTMENTS
   (DEPARTMENT_ID, DEPARTMENT_NAME, MANAGER_ID, LOCATION_ID)
 Values
   (30, 'Purchasing', 114, 1700);
Insert into DEPARTMENTS
   (DEPARTMENT_ID, DEPARTMENT_NAME, MANAGER_ID, LOCATION_ID)
 Values
   (40, 'Human Resources', 203, 2400);
Insert into DEPARTMENTS
   (DEPARTMENT_ID, DEPARTMENT_NAME, MANAGER_ID, LOCATION_ID)
 Values
   (50, 'Shipping', 121, 1500);
Insert into DEPARTMENTS
   (DEPARTMENT_ID, DEPARTMENT_NAME, MANAGER_ID, LOCATION_ID)
 Values
   (60, 'IT', 103, 1400);
Insert into DEPARTMENTS
   (DEPARTMENT_ID, DEPARTMENT_NAME, MANAGER_ID, LOCATION_ID)
 Values
   (70, 'Public Relations', 204, 2700);
Insert into DEPARTMENTS
   (DEPARTMENT_ID, DEPARTMENT_NAME, MANAGER_ID, LOCATION_ID)
 Values
   (80, 'Sales', 145, 2500);
Insert into DEPARTMENTS
   (DEPARTMENT_ID, DEPARTMENT_NAME, MANAGER_ID, LOCATION_ID)
 Values
   (90, 'Executive', 100, 1700);
Insert into DEPARTMENTS
   (DEPARTMENT_ID, DEPARTMENT_NAME, MANAGER_ID, LOCATION_ID)
 Values
   (100, 'Finance', 108, 1700);
Insert into DEPARTMENTS
   (DEPARTMENT_ID, DEPARTMENT_NAME, MANAGER_ID, LOCATION_ID)
 Values
   (110, 'Accounting', 205, 1700);
Insert into DEPARTMENTS
   (DEPARTMENT_ID, DEPARTMENT_NAME, MANAGER_ID, LOCATION_ID)
 Values
   (120, 'Treasury', NULL, 1700);
Insert into DEPARTMENTS
   (DEPARTMENT_ID, DEPARTMENT_NAME, MANAGER_ID, LOCATION_ID)
 Values
   (130, 'Corporate Tax', NULL, 1700);
Insert into DEPARTMENTS
   (DEPARTMENT_ID, DEPARTMENT_NAME, MANAGER_ID, LOCATION_ID)
 Values
   (140, 'Control And Credit', NULL, 1700);
Insert into DEPARTMENTS
   (DEPARTMENT_ID, DEPARTMENT_NAME, MANAGER_ID, LOCATION_ID)
 Values
   (150, 'Shareholder Services', NULL, 1700);
Insert into DEPARTMENTS
   (DEPARTMENT_ID, DEPARTMENT_NAME, MANAGER_ID, LOCATION_ID)
 Values
   (160, 'Benefits', NULL, 1700);
Insert into DEPARTMENTS
   (DEPARTMENT_ID, DEPARTMENT_NAME, MANAGER_ID, LOCATION_ID)
 Values
   (170, 'Manufacturing', NULL, 1700);
Insert into DEPARTMENTS
   (DEPARTMENT_ID, DEPARTMENT_NAME, MANAGER_ID, LOCATION_ID)
 Values
   (180, 'Construction', NULL, 1700);
Insert into DEPARTMENTS
   (DEPARTMENT_ID, DEPARTMENT_NAME, MANAGER_ID, LOCATION_ID)
 Values
   (190, 'Contracting', NULL, 1700);
Insert into DEPARTMENTS
   (DEPARTMENT_ID, DEPARTMENT_NAME, MANAGER_ID, LOCATION_ID)
 Values
   (200, 'Operations', NULL, 1700);
Insert into DEPARTMENTS
   (DEPARTMENT_ID, DEPARTMENT_NAME, MANAGER_ID, LOCATION_ID)
 Values
   (210, 'IT Support', NULL, 1700);
Insert into DEPARTMENTS
   (DEPARTMENT_ID, DEPARTMENT_NAME, MANAGER_ID, LOCATION_ID)
 Values
   (220, 'NOC', NULL, 1700);
Insert into DEPARTMENTS
   (DEPARTMENT_ID, DEPARTMENT_NAME, MANAGER_ID, LOCATION_ID)
 Values
   (230, 'IT Helpdesk', NULL, 1700);
Insert into DEPARTMENTS
   (DEPARTMENT_ID, DEPARTMENT_NAME, MANAGER_ID, LOCATION_ID)
 Values
   (240, 'Government Sales', NULL, 1700);
Insert into DEPARTMENTS
   (DEPARTMENT_ID, DEPARTMENT_NAME, MANAGER_ID, LOCATION_ID)
 Values
   (250, 'Retail Sales', NULL, 1700);
Insert into DEPARTMENTS
   (DEPARTMENT_ID, DEPARTMENT_NAME, MANAGER_ID, LOCATION_ID)
 Values
   (260, 'Recruiting', NULL, 1700);
Insert into DEPARTMENTS
   (DEPARTMENT_ID, DEPARTMENT_NAME, MANAGER_ID, LOCATION_ID)
 Values
   (270, 'Payroll', NULL, 1700);



Insert into EMPLOYEES
   (EMPLOYEE_ID, FIRST_NAME, LAST_NAME, EMAIL, PHONE_NUMBER, 
    HIRE_DATE, JOB_ID, SALARY, COMMISSION_PCT, MANAGER_ID, 
    DEPARTMENT_ID)
 Values
   (100, 'Steven', 'King', 'SKING', '515.123.4567', 
    TO_DATE('06/17/2003 00:00:00', 'MM/DD/YYYY HH24:MI:SS'), 'AD_PRES', 24000, NULL, NULL, 
    90);
Insert into EMPLOYEES
   (EMPLOYEE_ID, FIRST_NAME, LAST_NAME, EMAIL, PHONE_NUMBER, 
    HIRE_DATE, JOB_ID, SALARY, COMMISSION_PCT, MANAGER_ID, 
    DEPARTMENT_ID)
 Values
   (101, 'Neena', 'Kochhar', 'NKOCHHAR', '515.123.4568', 
    TO_DATE('09/21/2005 00:00:00', 'MM/DD/YYYY HH24:MI:SS'), 'AD_VP', 17000, NULL, 100, 
    90);
Insert into EMPLOYEES
   (EMPLOYEE_ID, FIRST_NAME, LAST_NAME, EMAIL, PHONE_NUMBER, 
    HIRE_DATE, JOB_ID, SALARY, COMMISSION_PCT, MANAGER_ID, 
    DEPARTMENT_ID)
 Values
   (102, 'Lex', 'De Haan', 'LDEHAAN', '515.123.4569', 
    TO_DATE('01/13/2001 00:00:00', 'MM/DD/YYYY HH24:MI:SS'), 'AD_VP', 17000, NULL, 100, 
    90);
Insert into EMPLOYEES
   (EMPLOYEE_ID, FIRST_NAME, LAST_NAME, EMAIL, PHONE_NUMBER, 
    HIRE_DATE, JOB_ID, SALARY, COMMISSION_PCT, MANAGER_ID, 
    DEPARTMENT_ID)
 Values
   (103, 'Alexander', 'Hunold', 'AHUNOLD', '590.423.4567', 
    TO_DATE('01/03/2006 00:00:00', 'MM/DD/YYYY HH24:MI:SS'), 'IT_PROG', 9000, NULL, 102, 
    60);
Insert into EMPLOYEES
   (EMPLOYEE_ID, FIRST_NAME, LAST_NAME, EMAIL, PHONE_NUMBER, 
    HIRE_DATE, JOB_ID, SALARY, COMMISSION_PCT, MANAGER_ID, 
    DEPARTMENT_ID)
 Values
   (104, 'Bruce', 'Ernst', 'BERNST', '590.423.4568', 
    TO_DATE('05/21/2007 00:00:00', 'MM/DD/YYYY HH24:MI:SS'), 'IT_PROG', 6000, NULL, 103, 
    60);
Insert into EMPLOYEES
   (EMPLOYEE_ID, FIRST_NAME, LAST_NAME, EMAIL, PHONE_NUMBER, 
    HIRE_DATE, JOB_ID, SALARY, COMMISSION_PCT, MANAGER_ID, 
    DEPARTMENT_ID)
 Values
   (105, 'David', 'Austin', 'DAUSTIN', '590.423.4569', 
    TO_DATE('06/25/2005 00:00:00', 'MM/DD/YYYY HH24:MI:SS'), 'IT_PROG', 4800, NULL, 103, 
    60);
Insert into EMPLOYEES
   (EMPLOYEE_ID, FIRST_NAME, LAST_NAME, EMAIL, PHONE_NUMBER, 
    HIRE_DATE, JOB_ID, SALARY, COMMISSION_PCT, MANAGER_ID, 
    DEPARTMENT_ID)
 Values
   (106, 'Valli', 'Pataballa', 'VPATABAL', '590.423.4560', 
    TO_DATE('02/05/2006 00:00:00', 'MM/DD/YYYY HH24:MI:SS'), 'IT_PROG', 4800, NULL, 103, 
    60);
Insert into EMPLOYEES
   (EMPLOYEE_ID, FIRST_NAME, LAST_NAME, EMAIL, PHONE_NUMBER, 
    HIRE_DATE, JOB_ID, SALARY, COMMISSION_PCT, MANAGER_ID, 
    DEPARTMENT_ID)
 Values
   (107, 'Diana', 'Lorentz', 'DLORENTZ', '590.423.5567', 
    TO_DATE('02/07/2007 00:00:00', 'MM/DD/YYYY HH24:MI:SS'), 'IT_PROG', 4200, NULL, 103, 
    60);
Insert into EMPLOYEES
   (EMPLOYEE_ID, FIRST_NAME, LAST_NAME, EMAIL, PHONE_NUMBER, 
    HIRE_DATE, JOB_ID, SALARY, COMMISSION_PCT, MANAGER_ID, 
    DEPARTMENT_ID)
 Values
   (108, 'Nancy', 'Greenberg', 'NGREENBE', '515.124.4569', 
    TO_DATE('08/17/2002 00:00:00', 'MM/DD/YYYY HH24:MI:SS'), 'FI_MGR', 12008, NULL, 101, 
    100);
Insert into EMPLOYEES
   (EMPLOYEE_ID, FIRST_NAME, LAST_NAME, EMAIL, PHONE_NUMBER, 
    HIRE_DATE, JOB_ID, SALARY, COMMISSION_PCT, MANAGER_ID, 
    DEPARTMENT_ID)
 Values
   (109, 'Daniel', 'Faviet', 'DFAVIET', '515.124.4169', 
    TO_DATE('08/16/2002 00:00:00', 'MM/DD/YYYY HH24:MI:SS'), 'FI_ACCOUNT', 9000, NULL, 108, 
    100);
Insert into EMPLOYEES
   (EMPLOYEE_ID, FIRST_NAME, LAST_NAME, EMAIL, PHONE_NUMBER, 
    HIRE_DATE, JOB_ID, SALARY, COMMISSION_PCT, MANAGER_ID, 
    DEPARTMENT_ID)
 Values
   (110, 'John', 'Chen', 'JCHEN', '515.124.4269', 
    TO_DATE('09/28/2005 00:00:00', 'MM/DD/YYYY HH24:MI:SS'), 'FI_ACCOUNT', 8200, NULL, 108, 
    100);
Insert into EMPLOYEES
   (EMPLOYEE_ID, FIRST_NAME, LAST_NAME, EMAIL, PHONE_NUMBER, 
    HIRE_DATE, JOB_ID, SALARY, COMMISSION_PCT, MANAGER_ID, 
    DEPARTMENT_ID)
 Values
   (111, 'Ismael', 'Sciarra', 'ISCIARRA', '515.124.4369', 
    TO_DATE('09/30/2005 00:00:00', 'MM/DD/YYYY HH24:MI:SS'), 'FI_ACCOUNT', 7700, NULL, 108, 
    100);
Insert into EMPLOYEES
   (EMPLOYEE_ID, FIRST_NAME, LAST_NAME, EMAIL, PHONE_NUMBER, 
    HIRE_DATE, JOB_ID, SALARY, COMMISSION_PCT, MANAGER_ID, 
    DEPARTMENT_ID)
 Values
   (112, 'Jose Manuel', 'Urman', 'JMURMAN', '515.124.4469', 
    TO_DATE('03/07/2006 00:00:00', 'MM/DD/YYYY HH24:MI:SS'), 'FI_ACCOUNT', 7800, NULL, 108, 
    100);
Insert into EMPLOYEES
   (EMPLOYEE_ID, FIRST_NAME, LAST_NAME, EMAIL, PHONE_NUMBER, 
    HIRE_DATE, JOB_ID, SALARY, COMMISSION_PCT, MANAGER_ID, 
    DEPARTMENT_ID)
 Values
   (113, 'Luis', 'Popp', 'LPOPP', '515.124.4567', 
    TO_DATE('12/07/2007 00:00:00', 'MM/DD/YYYY HH24:MI:SS'), 'FI_ACCOUNT', 6900, NULL, 108, 
    100);
Insert into EMPLOYEES
   (EMPLOYEE_ID, FIRST_NAME, LAST_NAME, EMAIL, PHONE_NUMBER, 
    HIRE_DATE, JOB_ID, SALARY, COMMISSION_PCT, MANAGER_ID, 
    DEPARTMENT_ID)
 Values
   (114, 'Den', 'Raphaely', 'DRAPHEAL', '515.127.4561', 
    TO_DATE('12/07/2002 00:00:00', 'MM/DD/YYYY HH24:MI:SS'), 'PU_MAN', 11000, NULL, 100, 
    30);
Insert into EMPLOYEES
   (EMPLOYEE_ID, FIRST_NAME, LAST_NAME, EMAIL, PHONE_NUMBER, 
    HIRE_DATE, JOB_ID, SALARY, COMMISSION_PCT, MANAGER_ID, 
    DEPARTMENT_ID)
 Values
   (115, 'Alexander', 'Khoo', 'AKHOO', '515.127.4562', 
    TO_DATE('05/18/2003 00:00:00', 'MM/DD/YYYY HH24:MI:SS'), 'PU_CLERK', 3100, NULL, 114, 
    30);
Insert into EMPLOYEES
   (EMPLOYEE_ID, FIRST_NAME, LAST_NAME, EMAIL, PHONE_NUMBER, 
    HIRE_DATE, JOB_ID, SALARY, COMMISSION_PCT, MANAGER_ID, 
    DEPARTMENT_ID)
 Values
   (116, 'Shelli', 'Baida', 'SBAIDA', '515.127.4563', 
    TO_DATE('12/24/2005 00:00:00', 'MM/DD/YYYY HH24:MI:SS'), 'PU_CLERK', 2900, NULL, 114, 
    30);
Insert into EMPLOYEES
   (EMPLOYEE_ID, FIRST_NAME, LAST_NAME, EMAIL, PHONE_NUMBER, 
    HIRE_DATE, JOB_ID, SALARY, COMMISSION_PCT, MANAGER_ID, 
    DEPARTMENT_ID)
 Values
   (117, 'Sigal', 'Tobias', 'STOBIAS', '515.127.4564', 
    TO_DATE('07/24/2005 00:00:00', 'MM/DD/YYYY HH24:MI:SS'), 'PU_CLERK', 2800, NULL, 114, 
    30);
Insert into EMPLOYEES
   (EMPLOYEE_ID, FIRST_NAME, LAST_NAME, EMAIL, PHONE_NUMBER, 
    HIRE_DATE, JOB_ID, SALARY, COMMISSION_PCT, MANAGER_ID, 
    DEPARTMENT_ID)
 Values
   (118, 'Guy', 'Himuro', 'GHIMURO', '515.127.4565', 
    TO_DATE('11/15/2006 00:00:00', 'MM/DD/YYYY HH24:MI:SS'), 'PU_CLERK', 2600, NULL, 114, 
    30);
Insert into EMPLOYEES
   (EMPLOYEE_ID, FIRST_NAME, LAST_NAME, EMAIL, PHONE_NUMBER, 
    HIRE_DATE, JOB_ID, SALARY, COMMISSION_PCT, MANAGER_ID, 
    DEPARTMENT_ID)
 Values
   (119, 'Karen', 'Colmenares', 'KCOLMENA', '515.127.4566', 
    TO_DATE('08/10/2007 00:00:00', 'MM/DD/YYYY HH24:MI:SS'), 'PU_CLERK', 2500, NULL, 114, 
    30);
Insert into EMPLOYEES
   (EMPLOYEE_ID, FIRST_NAME, LAST_NAME, EMAIL, PHONE_NUMBER, 
    HIRE_DATE, JOB_ID, SALARY, COMMISSION_PCT, MANAGER_ID, 
    DEPARTMENT_ID)
 Values
   (120, 'Matthew', 'Weiss', 'MWEISS', '650.123.1234', 
    TO_DATE('07/18/2004 00:00:00', 'MM/DD/YYYY HH24:MI:SS'), 'ST_MAN', 8000, NULL, 100, 
    50);
Insert into EMPLOYEES
   (EMPLOYEE_ID, FIRST_NAME, LAST_NAME, EMAIL, PHONE_NUMBER, 
    HIRE_DATE, JOB_ID, SALARY, COMMISSION_PCT, MANAGER_ID, 
    DEPARTMENT_ID)
 Values
   (121, 'Adam', 'Fripp', 'AFRIPP', '650.123.2234', 
    TO_DATE('04/10/2005 00:00:00', 'MM/DD/YYYY HH24:MI:SS'), 'ST_MAN', 8200, NULL, 100, 
    50);
Insert into EMPLOYEES
   (EMPLOYEE_ID, FIRST_NAME, LAST_NAME, EMAIL, PHONE_NUMBER, 
    HIRE_DATE, JOB_ID, SALARY, COMMISSION_PCT, MANAGER_ID, 
    DEPARTMENT_ID)
 Values
   (122, 'Payam', 'Kaufling', 'PKAUFLIN', '650.123.3234', 
    TO_DATE('05/01/2003 00:00:00', 'MM/DD/YYYY HH24:MI:SS'), 'ST_MAN', 7900, NULL, 100, 
    50);
Insert into EMPLOYEES
   (EMPLOYEE_ID, FIRST_NAME, LAST_NAME, EMAIL, PHONE_NUMBER, 
    HIRE_DATE, JOB_ID, SALARY, COMMISSION_PCT, MANAGER_ID, 
    DEPARTMENT_ID)
 Values
   (123, 'Shanta', 'Vollman', 'SVOLLMAN', '650.123.4234', 
    TO_DATE('10/10/2005 00:00:00', 'MM/DD/YYYY HH24:MI:SS'), 'ST_MAN', 6500, NULL, 100, 
    50);
Insert into EMPLOYEES
   (EMPLOYEE_ID, FIRST_NAME, LAST_NAME, EMAIL, PHONE_NUMBER, 
    HIRE_DATE, JOB_ID, SALARY, COMMISSION_PCT, MANAGER_ID, 
    DEPARTMENT_ID)
 Values
   (124, 'Kevin', 'Mourgos', 'KMOURGOS', '650.123.5234', 
    TO_DATE('11/16/2007 00:00:00', 'MM/DD/YYYY HH24:MI:SS'), 'ST_MAN', 5800, NULL, 100, 
    50);
Insert into EMPLOYEES
   (EMPLOYEE_ID, FIRST_NAME, LAST_NAME, EMAIL, PHONE_NUMBER, 
    HIRE_DATE, JOB_ID, SALARY, COMMISSION_PCT, MANAGER_ID, 
    DEPARTMENT_ID)
 Values
   (125, 'Julia', 'Nayer', 'JNAYER', '650.124.1214', 
    TO_DATE('07/16/2005 00:00:00', 'MM/DD/YYYY HH24:MI:SS'), 'ST_CLERK', 3200, NULL, 120, 
    50);
Insert into EMPLOYEES
   (EMPLOYEE_ID, FIRST_NAME, LAST_NAME, EMAIL, PHONE_NUMBER, 
    HIRE_DATE, JOB_ID, SALARY, COMMISSION_PCT, MANAGER_ID, 
    DEPARTMENT_ID)
 Values
   (126, 'Irene', 'Mikkilineni', 'IMIKKILI', '650.124.1224', 
    TO_DATE('09/28/2006 00:00:00', 'MM/DD/YYYY HH24:MI:SS'), 'ST_CLERK', 2700, NULL, 120, 
    50);
Insert into EMPLOYEES
   (EMPLOYEE_ID, FIRST_NAME, LAST_NAME, EMAIL, PHONE_NUMBER, 
    HIRE_DATE, JOB_ID, SALARY, COMMISSION_PCT, MANAGER_ID, 
    DEPARTMENT_ID)
 Values
   (127, 'James', 'Landry', 'JLANDRY', '650.124.1334', 
    TO_DATE('01/14/2007 00:00:00', 'MM/DD/YYYY HH24:MI:SS'), 'ST_CLERK', 2400, NULL, 120, 
    50);
Insert into EMPLOYEES
   (EMPLOYEE_ID, FIRST_NAME, LAST_NAME, EMAIL, PHONE_NUMBER, 
    HIRE_DATE, JOB_ID, SALARY, COMMISSION_PCT, MANAGER_ID, 
    DEPARTMENT_ID)
 Values
   (128, 'Steven', 'Markle', 'SMARKLE', '650.124.1434', 
    TO_DATE('03/08/2008 00:00:00', 'MM/DD/YYYY HH24:MI:SS'), 'ST_CLERK', 2200, NULL, 120, 
    50);
Insert into EMPLOYEES
   (EMPLOYEE_ID, FIRST_NAME, LAST_NAME, EMAIL, PHONE_NUMBER, 
    HIRE_DATE, JOB_ID, SALARY, COMMISSION_PCT, MANAGER_ID, 
    DEPARTMENT_ID)
 Values
   (129, 'Laura', 'Bissot', 'LBISSOT', '650.124.5234', 
    TO_DATE('08/20/2005 00:00:00', 'MM/DD/YYYY HH24:MI:SS'), 'ST_CLERK', 3300, NULL, 121, 
    50);
Insert into EMPLOYEES
   (EMPLOYEE_ID, FIRST_NAME, LAST_NAME, EMAIL, PHONE_NUMBER, 
    HIRE_DATE, JOB_ID, SALARY, COMMISSION_PCT, MANAGER_ID, 
    DEPARTMENT_ID)
 Values
   (130, 'Mozhe', 'Atkinson', 'MATKINSO', '650.124.6234', 
    TO_DATE('10/30/2005 00:00:00', 'MM/DD/YYYY HH24:MI:SS'), 'ST_CLERK', 2800, NULL, 121, 
    50);
Insert into EMPLOYEES
   (EMPLOYEE_ID, FIRST_NAME, LAST_NAME, EMAIL, PHONE_NUMBER, 
    HIRE_DATE, JOB_ID, SALARY, COMMISSION_PCT, MANAGER_ID, 
    DEPARTMENT_ID)
 Values
   (131, 'James', 'Marlow', 'JAMRLOW', '650.124.7234', 
    TO_DATE('02/16/2005 00:00:00', 'MM/DD/YYYY HH24:MI:SS'), 'ST_CLERK', 2500, NULL, 121, 
    50);
Insert into EMPLOYEES
   (EMPLOYEE_ID, FIRST_NAME, LAST_NAME, EMAIL, PHONE_NUMBER, 
    HIRE_DATE, JOB_ID, SALARY, COMMISSION_PCT, MANAGER_ID, 
    DEPARTMENT_ID)
 Values
   (132, 'TJ', 'Olson', 'TJOLSON', '650.124.8234', 
    TO_DATE('04/10/2007 00:00:00', 'MM/DD/YYYY HH24:MI:SS'), 'ST_CLERK', 2100, NULL, 121, 
    50);
Insert into EMPLOYEES
   (EMPLOYEE_ID, FIRST_NAME, LAST_NAME, EMAIL, PHONE_NUMBER, 
    HIRE_DATE, JOB_ID, SALARY, COMMISSION_PCT, MANAGER_ID, 
    DEPARTMENT_ID)
 Values
   (133, 'Jason', 'Mallin', 'JMALLIN', '650.127.1934', 
    TO_DATE('06/14/2004 00:00:00', 'MM/DD/YYYY HH24:MI:SS'), 'ST_CLERK', 3300, NULL, 122, 
    50);
Insert into EMPLOYEES
   (EMPLOYEE_ID, FIRST_NAME, LAST_NAME, EMAIL, PHONE_NUMBER, 
    HIRE_DATE, JOB_ID, SALARY, COMMISSION_PCT, MANAGER_ID, 
    DEPARTMENT_ID)
 Values
   (134, 'Michael', 'Rogers', 'MROGERS', '650.127.1834', 
    TO_DATE('08/26/2006 00:00:00', 'MM/DD/YYYY HH24:MI:SS'), 'ST_CLERK', 2900, NULL, 122, 
    50);
Insert into EMPLOYEES
   (EMPLOYEE_ID, FIRST_NAME, LAST_NAME, EMAIL, PHONE_NUMBER, 
    HIRE_DATE, JOB_ID, SALARY, COMMISSION_PCT, MANAGER_ID, 
    DEPARTMENT_ID)
 Values
   (135, 'Ki', 'Gee', 'KGEE', '650.127.1734', 
    TO_DATE('12/12/2007 00:00:00', 'MM/DD/YYYY HH24:MI:SS'), 'ST_CLERK', 2400, NULL, 122, 
    50);
Insert into EMPLOYEES
   (EMPLOYEE_ID, FIRST_NAME, LAST_NAME, EMAIL, PHONE_NUMBER, 
    HIRE_DATE, JOB_ID, SALARY, COMMISSION_PCT, MANAGER_ID, 
    DEPARTMENT_ID)
 Values
   (136, 'Hazel', 'Philtanker', 'HPHILTAN', '650.127.1634', 
    TO_DATE('02/06/2008 00:00:00', 'MM/DD/YYYY HH24:MI:SS'), 'ST_CLERK', 2200, NULL, 122, 
    50);
Insert into EMPLOYEES
   (EMPLOYEE_ID, FIRST_NAME, LAST_NAME, EMAIL, PHONE_NUMBER, 
    HIRE_DATE, JOB_ID, SALARY, COMMISSION_PCT, MANAGER_ID, 
    DEPARTMENT_ID)
 Values
   (137, 'Renske', 'Ladwig', 'RLADWIG', '650.121.1234', 
    TO_DATE('07/14/2003 00:00:00', 'MM/DD/YYYY HH24:MI:SS'), 'ST_CLERK', 3600, NULL, 123, 
    50);
Insert into EMPLOYEES
   (EMPLOYEE_ID, FIRST_NAME, LAST_NAME, EMAIL, PHONE_NUMBER, 
    HIRE_DATE, JOB_ID, SALARY, COMMISSION_PCT, MANAGER_ID, 
    DEPARTMENT_ID)
 Values
   (138, 'Stephen', 'Stiles', 'SSTILES', '650.121.2034', 
    TO_DATE('10/26/2005 00:00:00', 'MM/DD/YYYY HH24:MI:SS'), 'ST_CLERK', 3200, NULL, 123, 
    50);
Insert into EMPLOYEES
   (EMPLOYEE_ID, FIRST_NAME, LAST_NAME, EMAIL, PHONE_NUMBER, 
    HIRE_DATE, JOB_ID, SALARY, COMMISSION_PCT, MANAGER_ID, 
    DEPARTMENT_ID)
 Values
   (139, 'John', 'Seo', 'JSEO', '650.121.2019', 
    TO_DATE('02/12/2006 00:00:00', 'MM/DD/YYYY HH24:MI:SS'), 'ST_CLERK', 2700, NULL, 123, 
    50);
Insert into EMPLOYEES
   (EMPLOYEE_ID, FIRST_NAME, LAST_NAME, EMAIL, PHONE_NUMBER, 
    HIRE_DATE, JOB_ID, SALARY, COMMISSION_PCT, MANAGER_ID, 
    DEPARTMENT_ID)
 Values
   (140, 'Joshua', 'Patel', 'JPATEL', '650.121.1834', 
    TO_DATE('04/06/2006 00:00:00', 'MM/DD/YYYY HH24:MI:SS'), 'ST_CLERK', 2500, NULL, 123, 
    50);
Insert into EMPLOYEES
   (EMPLOYEE_ID, FIRST_NAME, LAST_NAME, EMAIL, PHONE_NUMBER, 
    HIRE_DATE, JOB_ID, SALARY, COMMISSION_PCT, MANAGER_ID, 
    DEPARTMENT_ID)
 Values
   (141, 'Trenna', 'Rajs', 'TRAJS', '650.121.8009', 
    TO_DATE('10/17/2003 00:00:00', 'MM/DD/YYYY HH24:MI:SS'), 'ST_CLERK', 3500, NULL, 124, 
    50);
Insert into EMPLOYEES
   (EMPLOYEE_ID, FIRST_NAME, LAST_NAME, EMAIL, PHONE_NUMBER, 
    HIRE_DATE, JOB_ID, SALARY, COMMISSION_PCT, MANAGER_ID, 
    DEPARTMENT_ID)
 Values
   (142, 'Curtis', 'Davies', 'CDAVIES', '650.121.2994', 
    TO_DATE('01/29/2005 00:00:00', 'MM/DD/YYYY HH24:MI:SS'), 'ST_CLERK', 3100, NULL, 124, 
    50);
Insert into EMPLOYEES
   (EMPLOYEE_ID, FIRST_NAME, LAST_NAME, EMAIL, PHONE_NUMBER, 
    HIRE_DATE, JOB_ID, SALARY, COMMISSION_PCT, MANAGER_ID, 
    DEPARTMENT_ID)
 Values
   (143, 'Randall', 'Matos', 'RMATOS', '650.121.2874', 
    TO_DATE('03/15/2006 00:00:00', 'MM/DD/YYYY HH24:MI:SS'), 'ST_CLERK', 2600, NULL, 124, 
    50);
Insert into EMPLOYEES
   (EMPLOYEE_ID, FIRST_NAME, LAST_NAME, EMAIL, PHONE_NUMBER, 
    HIRE_DATE, JOB_ID, SALARY, COMMISSION_PCT, MANAGER_ID, 
    DEPARTMENT_ID)
 Values
   (144, 'Peter', 'Vargas', 'PVARGAS', '650.121.2004', 
    TO_DATE('07/09/2006 00:00:00', 'MM/DD/YYYY HH24:MI:SS'), 'ST_CLERK', 2500, NULL, 124, 
    50);
Insert into EMPLOYEES
   (EMPLOYEE_ID, FIRST_NAME, LAST_NAME, EMAIL, PHONE_NUMBER, 
    HIRE_DATE, JOB_ID, SALARY, COMMISSION_PCT, MANAGER_ID, 
    DEPARTMENT_ID)
 Values
   (145, 'John', 'Russell', 'JRUSSEL', '011.44.1344.429268', 
    TO_DATE('10/01/2004 00:00:00', 'MM/DD/YYYY HH24:MI:SS'), 'SA_MAN', 14000, 0.4, 100, 
    80);
Insert into EMPLOYEES
   (EMPLOYEE_ID, FIRST_NAME, LAST_NAME, EMAIL, PHONE_NUMBER, 
    HIRE_DATE, JOB_ID, SALARY, COMMISSION_PCT, MANAGER_ID, 
    DEPARTMENT_ID)
 Values
   (146, 'Karen', 'Partners', 'KPARTNER', '011.44.1344.467268', 
    TO_DATE('01/05/2005 00:00:00', 'MM/DD/YYYY HH24:MI:SS'), 'SA_MAN', 13500, 0.3, 100, 
    80);
Insert into EMPLOYEES
   (EMPLOYEE_ID, FIRST_NAME, LAST_NAME, EMAIL, PHONE_NUMBER, 
    HIRE_DATE, JOB_ID, SALARY, COMMISSION_PCT, MANAGER_ID, 
    DEPARTMENT_ID)
 Values
   (147, 'Alberto', 'Errazuriz', 'AERRAZUR', '011.44.1344.429278', 
    TO_DATE('03/10/2005 00:00:00', 'MM/DD/YYYY HH24:MI:SS'), 'SA_MAN', 12000, 0.3, 100, 
    80);
Insert into EMPLOYEES
   (EMPLOYEE_ID, FIRST_NAME, LAST_NAME, EMAIL, PHONE_NUMBER, 
    HIRE_DATE, JOB_ID, SALARY, COMMISSION_PCT, MANAGER_ID, 
    DEPARTMENT_ID)
 Values
   (148, 'Gerald', 'Cambrault', 'GCAMBRAU', '011.44.1344.619268', 
    TO_DATE('10/15/2007 00:00:00', 'MM/DD/YYYY HH24:MI:SS'), 'SA_MAN', 11000, 0.3, 100, 
    80);
Insert into EMPLOYEES
   (EMPLOYEE_ID, FIRST_NAME, LAST_NAME, EMAIL, PHONE_NUMBER, 
    HIRE_DATE, JOB_ID, SALARY, COMMISSION_PCT, MANAGER_ID, 
    DEPARTMENT_ID)
 Values
   (149, 'Eleni', 'Zlotkey', 'EZLOTKEY', '011.44.1344.429018', 
    TO_DATE('01/29/2008 00:00:00', 'MM/DD/YYYY HH24:MI:SS'), 'SA_MAN', 10500, 0.2, 100, 
    80);
Insert into EMPLOYEES
   (EMPLOYEE_ID, FIRST_NAME, LAST_NAME, EMAIL, PHONE_NUMBER, 
    HIRE_DATE, JOB_ID, SALARY, COMMISSION_PCT, MANAGER_ID, 
    DEPARTMENT_ID)
 Values
   (150, 'Peter', 'Tucker', 'PTUCKER', '011.44.1344.129268', 
    TO_DATE('01/30/2005 00:00:00', 'MM/DD/YYYY HH24:MI:SS'), 'SA_REP', 10000, 0.3, 145, 
    80);
Insert into EMPLOYEES
   (EMPLOYEE_ID, FIRST_NAME, LAST_NAME, EMAIL, PHONE_NUMBER, 
    HIRE_DATE, JOB_ID, SALARY, COMMISSION_PCT, MANAGER_ID, 
    DEPARTMENT_ID)
 Values
   (151, 'David', 'Bernstein', 'DBERNSTE', '011.44.1344.345268', 
    TO_DATE('03/24/2005 00:00:00', 'MM/DD/YYYY HH24:MI:SS'), 'SA_REP', 9500, 0.25, 145, 
    80);
Insert into EMPLOYEES
   (EMPLOYEE_ID, FIRST_NAME, LAST_NAME, EMAIL, PHONE_NUMBER, 
    HIRE_DATE, JOB_ID, SALARY, COMMISSION_PCT, MANAGER_ID, 
    DEPARTMENT_ID)
 Values
   (152, 'Peter', 'Hall', 'PHALL', '011.44.1344.478968', 
    TO_DATE('08/20/2005 00:00:00', 'MM/DD/YYYY HH24:MI:SS'), 'SA_REP', 9000, 0.25, 145, 
    80);
Insert into EMPLOYEES
   (EMPLOYEE_ID, FIRST_NAME, LAST_NAME, EMAIL, PHONE_NUMBER, 
    HIRE_DATE, JOB_ID, SALARY, COMMISSION_PCT, MANAGER_ID, 
    DEPARTMENT_ID)
 Values
   (153, 'Christopher', 'Olsen', 'COLSEN', '011.44.1344.498718', 
    TO_DATE('03/30/2006 00:00:00', 'MM/DD/YYYY HH24:MI:SS'), 'SA_REP', 8000, 0.2, 145, 
    80);
Insert into EMPLOYEES
   (EMPLOYEE_ID, FIRST_NAME, LAST_NAME, EMAIL, PHONE_NUMBER, 
    HIRE_DATE, JOB_ID, SALARY, COMMISSION_PCT, MANAGER_ID, 
    DEPARTMENT_ID)
 Values
   (154, 'Nanette', 'Cambrault', 'NCAMBRAU', '011.44.1344.987668', 
    TO_DATE('12/09/2006 00:00:00', 'MM/DD/YYYY HH24:MI:SS'), 'SA_REP', 7500, 0.2, 145, 
    80);
Insert into EMPLOYEES
   (EMPLOYEE_ID, FIRST_NAME, LAST_NAME, EMAIL, PHONE_NUMBER, 
    HIRE_DATE, JOB_ID, SALARY, COMMISSION_PCT, MANAGER_ID, 
    DEPARTMENT_ID)
 Values
   (155, 'Oliver', 'Tuvault', 'OTUVAULT', '011.44.1344.486508', 
    TO_DATE('11/23/2007 00:00:00', 'MM/DD/YYYY HH24:MI:SS'), 'SA_REP', 7000, 0.15, 145, 
    80);
Insert into EMPLOYEES
   (EMPLOYEE_ID, FIRST_NAME, LAST_NAME, EMAIL, PHONE_NUMBER, 
    HIRE_DATE, JOB_ID, SALARY, COMMISSION_PCT, MANAGER_ID, 
    DEPARTMENT_ID)
 Values
   (156, 'Janette', 'King', 'JKING', '011.44.1345.429268', 
    TO_DATE('01/30/2004 00:00:00', 'MM/DD/YYYY HH24:MI:SS'), 'SA_REP', 10000, 0.35, 146, 
    80);
Insert into EMPLOYEES
   (EMPLOYEE_ID, FIRST_NAME, LAST_NAME, EMAIL, PHONE_NUMBER, 
    HIRE_DATE, JOB_ID, SALARY, COMMISSION_PCT, MANAGER_ID, 
    DEPARTMENT_ID)
 Values
   (157, 'Patrick', 'Sully', 'PSULLY', '011.44.1345.929268', 
    TO_DATE('03/04/2004 00:00:00', 'MM/DD/YYYY HH24:MI:SS'), 'SA_REP', 9500, 0.35, 146, 
    80);
Insert into EMPLOYEES
   (EMPLOYEE_ID, FIRST_NAME, LAST_NAME, EMAIL, PHONE_NUMBER, 
    HIRE_DATE, JOB_ID, SALARY, COMMISSION_PCT, MANAGER_ID, 
    DEPARTMENT_ID)
 Values
   (158, 'Allan', 'McEwen', 'AMCEWEN', '011.44.1345.829268', 
    TO_DATE('08/01/2004 00:00:00', 'MM/DD/YYYY HH24:MI:SS'), 'SA_REP', 9000, 0.35, 146, 
    80);
Insert into EMPLOYEES
   (EMPLOYEE_ID, FIRST_NAME, LAST_NAME, EMAIL, PHONE_NUMBER, 
    HIRE_DATE, JOB_ID, SALARY, COMMISSION_PCT, MANAGER_ID, 
    DEPARTMENT_ID)
 Values
   (159, 'Lindsey', 'Smith', 'LSMITH', '011.44.1345.729268', 
    TO_DATE('03/10/2005 00:00:00', 'MM/DD/YYYY HH24:MI:SS'), 'SA_REP', 8000, 0.3, 146, 
    80);
Insert into EMPLOYEES
   (EMPLOYEE_ID, FIRST_NAME, LAST_NAME, EMAIL, PHONE_NUMBER, 
    HIRE_DATE, JOB_ID, SALARY, COMMISSION_PCT, MANAGER_ID, 
    DEPARTMENT_ID)
 Values
   (160, 'Louise', 'Doran', 'LDORAN', '011.44.1345.629268', 
    TO_DATE('12/15/2005 00:00:00', 'MM/DD/YYYY HH24:MI:SS'), 'SA_REP', 7500, 0.3, 146, 
    80);
Insert into EMPLOYEES
   (EMPLOYEE_ID, FIRST_NAME, LAST_NAME, EMAIL, PHONE_NUMBER, 
    HIRE_DATE, JOB_ID, SALARY, COMMISSION_PCT, MANAGER_ID, 
    DEPARTMENT_ID)
 Values
   (161, 'Sarath', 'Sewall', 'SSEWALL', '011.44.1345.529268', 
    TO_DATE('11/03/2006 00:00:00', 'MM/DD/YYYY HH24:MI:SS'), 'SA_REP', 7000, 0.25, 146, 
    80);
Insert into EMPLOYEES
   (EMPLOYEE_ID, FIRST_NAME, LAST_NAME, EMAIL, PHONE_NUMBER, 
    HIRE_DATE, JOB_ID, SALARY, COMMISSION_PCT, MANAGER_ID, 
    DEPARTMENT_ID)
 Values
   (162, 'Clara', 'Vishney', 'CVISHNEY', '011.44.1346.129268', 
    TO_DATE('11/11/2005 00:00:00', 'MM/DD/YYYY HH24:MI:SS'), 'SA_REP', 10500, 0.25, 147, 
    80);
Insert into EMPLOYEES
   (EMPLOYEE_ID, FIRST_NAME, LAST_NAME, EMAIL, PHONE_NUMBER, 
    HIRE_DATE, JOB_ID, SALARY, COMMISSION_PCT, MANAGER_ID, 
    DEPARTMENT_ID)
 Values
   (163, 'Danielle', 'Greene', 'DGREENE', '011.44.1346.229268', 
    TO_DATE('03/19/2007 00:00:00', 'MM/DD/YYYY HH24:MI:SS'), 'SA_REP', 9500, 0.15, 147, 
    80);
Insert into EMPLOYEES
   (EMPLOYEE_ID, FIRST_NAME, LAST_NAME, EMAIL, PHONE_NUMBER, 
    HIRE_DATE, JOB_ID, SALARY, COMMISSION_PCT, MANAGER_ID, 
    DEPARTMENT_ID)
 Values
   (164, 'Mattea', 'Marvins', 'MMARVINS', '011.44.1346.329268', 
    TO_DATE('01/24/2008 00:00:00', 'MM/DD/YYYY HH24:MI:SS'), 'SA_REP', 7200, 0.1, 147, 
    80);
Insert into EMPLOYEES
   (EMPLOYEE_ID, FIRST_NAME, LAST_NAME, EMAIL, PHONE_NUMBER, 
    HIRE_DATE, JOB_ID, SALARY, COMMISSION_PCT, MANAGER_ID, 
    DEPARTMENT_ID)
 Values
   (165, 'David', 'Lee', 'DLEE', '011.44.1346.529268', 
    TO_DATE('02/23/2008 00:00:00', 'MM/DD/YYYY HH24:MI:SS'), 'SA_REP', 6800, 0.1, 147, 
    80);
Insert into EMPLOYEES
   (EMPLOYEE_ID, FIRST_NAME, LAST_NAME, EMAIL, PHONE_NUMBER, 
    HIRE_DATE, JOB_ID, SALARY, COMMISSION_PCT, MANAGER_ID, 
    DEPARTMENT_ID)
 Values
   (166, 'Sundar', 'Ande', 'SANDE', '011.44.1346.629268', 
    TO_DATE('03/24/2008 00:00:00', 'MM/DD/YYYY HH24:MI:SS'), 'SA_REP', 6400, 0.1, 147, 
    80);
Insert into EMPLOYEES
   (EMPLOYEE_ID, FIRST_NAME, LAST_NAME, EMAIL, PHONE_NUMBER, 
    HIRE_DATE, JOB_ID, SALARY, COMMISSION_PCT, MANAGER_ID, 
    DEPARTMENT_ID)
 Values
   (167, 'Amit', 'Banda', 'ABANDA', '011.44.1346.729268', 
    TO_DATE('04/21/2008 00:00:00', 'MM/DD/YYYY HH24:MI:SS'), 'SA_REP', 6200, 0.1, 147, 
    80);
Insert into EMPLOYEES
   (EMPLOYEE_ID, FIRST_NAME, LAST_NAME, EMAIL, PHONE_NUMBER, 
    HIRE_DATE, JOB_ID, SALARY, COMMISSION_PCT, MANAGER_ID, 
    DEPARTMENT_ID)
 Values
   (168, 'Lisa', 'Ozer', 'LOZER', '011.44.1343.929268', 
    TO_DATE('03/11/2005 00:00:00', 'MM/DD/YYYY HH24:MI:SS'), 'SA_REP', 11500, 0.25, 148, 
    80);
Insert into EMPLOYEES
   (EMPLOYEE_ID, FIRST_NAME, LAST_NAME, EMAIL, PHONE_NUMBER, 
    HIRE_DATE, JOB_ID, SALARY, COMMISSION_PCT, MANAGER_ID, 
    DEPARTMENT_ID)
 Values
   (169, 'Harrison', 'Bloom', 'HBLOOM', '011.44.1343.829268', 
    TO_DATE('03/23/2006 00:00:00', 'MM/DD/YYYY HH24:MI:SS'), 'SA_REP', 10000, 0.2, 148, 
    80);
Insert into EMPLOYEES
   (EMPLOYEE_ID, FIRST_NAME, LAST_NAME, EMAIL, PHONE_NUMBER, 
    HIRE_DATE, JOB_ID, SALARY, COMMISSION_PCT, MANAGER_ID, 
    DEPARTMENT_ID)
 Values
   (170, 'Tayler', 'Fox', 'TFOX', '011.44.1343.729268', 
    TO_DATE('01/24/2006 00:00:00', 'MM/DD/YYYY HH24:MI:SS'), 'SA_REP', 9600, 0.2, 148, 
    80);
Insert into EMPLOYEES
   (EMPLOYEE_ID, FIRST_NAME, LAST_NAME, EMAIL, PHONE_NUMBER, 
    HIRE_DATE, JOB_ID, SALARY, COMMISSION_PCT, MANAGER_ID, 
    DEPARTMENT_ID)
 Values
   (171, 'William', 'Smith', 'WSMITH', '011.44.1343.629268', 
    TO_DATE('02/23/2007 00:00:00', 'MM/DD/YYYY HH24:MI:SS'), 'SA_REP', 7400, 0.15, 148, 
    80);
Insert into EMPLOYEES
   (EMPLOYEE_ID, FIRST_NAME, LAST_NAME, EMAIL, PHONE_NUMBER, 
    HIRE_DATE, JOB_ID, SALARY, COMMISSION_PCT, MANAGER_ID, 
    DEPARTMENT_ID)
 Values
   (172, 'Elizabeth', 'Bates', 'EBATES', '011.44.1343.529268', 
    TO_DATE('03/24/2007 00:00:00', 'MM/DD/YYYY HH24:MI:SS'), 'SA_REP', 7300, 0.15, 148, 
    80);
Insert into EMPLOYEES
   (EMPLOYEE_ID, FIRST_NAME, LAST_NAME, EMAIL, PHONE_NUMBER, 
    HIRE_DATE, JOB_ID, SALARY, COMMISSION_PCT, MANAGER_ID, 
    DEPARTMENT_ID)
 Values
   (173, 'Sundita', 'Kumar', 'SKUMAR', '011.44.1343.329268', 
    TO_DATE('04/21/2008 00:00:00', 'MM/DD/YYYY HH24:MI:SS'), 'SA_REP', 6100, 0.1, 148, 
    80);
Insert into EMPLOYEES
   (EMPLOYEE_ID, FIRST_NAME, LAST_NAME, EMAIL, PHONE_NUMBER, 
    HIRE_DATE, JOB_ID, SALARY, COMMISSION_PCT, MANAGER_ID, 
    DEPARTMENT_ID)
 Values
   (174, 'Ellen', 'Abel', 'EABEL', '011.44.1644.429267', 
    TO_DATE('05/11/2004 00:00:00', 'MM/DD/YYYY HH24:MI:SS'), 'SA_REP', 11000, 0.3, 149, 
    80);
Insert into EMPLOYEES
   (EMPLOYEE_ID, FIRST_NAME, LAST_NAME, EMAIL, PHONE_NUMBER, 
    HIRE_DATE, JOB_ID, SALARY, COMMISSION_PCT, MANAGER_ID, 
    DEPARTMENT_ID)
 Values
   (175, 'Alyssa', 'Hutton', 'AHUTTON', '011.44.1644.429266', 
    TO_DATE('03/19/2005 00:00:00', 'MM/DD/YYYY HH24:MI:SS'), 'SA_REP', 8800, 0.25, 149, 
    80);
Insert into EMPLOYEES
   (EMPLOYEE_ID, FIRST_NAME, LAST_NAME, EMAIL, PHONE_NUMBER, 
    HIRE_DATE, JOB_ID, SALARY, COMMISSION_PCT, MANAGER_ID, 
    DEPARTMENT_ID)
 Values
   (176, 'Jonathon', 'Taylor', 'JTAYLOR', '011.44.1644.429265', 
    TO_DATE('03/24/2006 00:00:00', 'MM/DD/YYYY HH24:MI:SS'), 'SA_REP', 8600, 0.2, 149, 
    80);
Insert into EMPLOYEES
   (EMPLOYEE_ID, FIRST_NAME, LAST_NAME, EMAIL, PHONE_NUMBER, 
    HIRE_DATE, JOB_ID, SALARY, COMMISSION_PCT, MANAGER_ID, 
    DEPARTMENT_ID)
 Values
   (177, 'Jack', 'Livingston', 'JLIVINGS', '011.44.1644.429264', 
    TO_DATE('04/23/2006 00:00:00', 'MM/DD/YYYY HH24:MI:SS'), 'SA_REP', 8400, 0.2, 149, 
    80);
Insert into EMPLOYEES
   (EMPLOYEE_ID, FIRST_NAME, LAST_NAME, EMAIL, PHONE_NUMBER, 
    HIRE_DATE, JOB_ID, SALARY, COMMISSION_PCT, MANAGER_ID, 
    DEPARTMENT_ID)
 Values
   (178, 'Kimberely', 'Grant', 'KGRANT', '011.44.1644.429263', 
    TO_DATE('05/24/2007 00:00:00', 'MM/DD/YYYY HH24:MI:SS'), 'SA_REP', 7000, 0.15, 149, 
    NULL);
Insert into EMPLOYEES
   (EMPLOYEE_ID, FIRST_NAME, LAST_NAME, EMAIL, PHONE_NUMBER, 
    HIRE_DATE, JOB_ID, SALARY, COMMISSION_PCT, MANAGER_ID, 
    DEPARTMENT_ID)
 Values
   (179, 'Charles', 'Johnson', 'CJOHNSON', '011.44.1644.429262', 
    TO_DATE('01/04/2008 00:00:00', 'MM/DD/YYYY HH24:MI:SS'), 'SA_REP', 6200, 0.1, 149, 
    80);
Insert into EMPLOYEES
   (EMPLOYEE_ID, FIRST_NAME, LAST_NAME, EMAIL, PHONE_NUMBER, 
    HIRE_DATE, JOB_ID, SALARY, COMMISSION_PCT, MANAGER_ID, 
    DEPARTMENT_ID)
 Values
   (180, 'Winston', 'Taylor', 'WTAYLOR', '650.507.9876', 
    TO_DATE('01/24/2006 00:00:00', 'MM/DD/YYYY HH24:MI:SS'), 'SH_CLERK', 3200, NULL, 120, 
    50);
Insert into EMPLOYEES
   (EMPLOYEE_ID, FIRST_NAME, LAST_NAME, EMAIL, PHONE_NUMBER, 
    HIRE_DATE, JOB_ID, SALARY, COMMISSION_PCT, MANAGER_ID, 
    DEPARTMENT_ID)
 Values
   (181, 'Jean', 'Fleaur', 'JFLEAUR', '650.507.9877', 
    TO_DATE('02/23/2006 00:00:00', 'MM/DD/YYYY HH24:MI:SS'), 'SH_CLERK', 3100, NULL, 120, 
    50);
Insert into EMPLOYEES
   (EMPLOYEE_ID, FIRST_NAME, LAST_NAME, EMAIL, PHONE_NUMBER, 
    HIRE_DATE, JOB_ID, SALARY, COMMISSION_PCT, MANAGER_ID, 
    DEPARTMENT_ID)
 Values
   (182, 'Martha', 'Sullivan', 'MSULLIVA', '650.507.9878', 
    TO_DATE('06/21/2007 00:00:00', 'MM/DD/YYYY HH24:MI:SS'), 'SH_CLERK', 2500, NULL, 120, 
    50);
Insert into EMPLOYEES
   (EMPLOYEE_ID, FIRST_NAME, LAST_NAME, EMAIL, PHONE_NUMBER, 
    HIRE_DATE, JOB_ID, SALARY, COMMISSION_PCT, MANAGER_ID, 
    DEPARTMENT_ID)
 Values
   (183, 'Girard', 'Geoni', 'GGEONI', '650.507.9879', 
    TO_DATE('02/03/2008 00:00:00', 'MM/DD/YYYY HH24:MI:SS'), 'SH_CLERK', 2800, NULL, 120, 
    50);
Insert into EMPLOYEES
   (EMPLOYEE_ID, FIRST_NAME, LAST_NAME, EMAIL, PHONE_NUMBER, 
    HIRE_DATE, JOB_ID, SALARY, COMMISSION_PCT, MANAGER_ID, 
    DEPARTMENT_ID)
 Values
   (184, 'Nandita', 'Sarchand', 'NSARCHAN', '650.509.1876', 
    TO_DATE('01/27/2004 00:00:00', 'MM/DD/YYYY HH24:MI:SS'), 'SH_CLERK', 4200, NULL, 121, 
    50);
Insert into EMPLOYEES
   (EMPLOYEE_ID, FIRST_NAME, LAST_NAME, EMAIL, PHONE_NUMBER, 
    HIRE_DATE, JOB_ID, SALARY, COMMISSION_PCT, MANAGER_ID, 
    DEPARTMENT_ID)
 Values
   (185, 'Alexis', 'Bull', 'ABULL', '650.509.2876', 
    TO_DATE('02/20/2005 00:00:00', 'MM/DD/YYYY HH24:MI:SS'), 'SH_CLERK', 4100, NULL, 121, 
    50);
Insert into EMPLOYEES
   (EMPLOYEE_ID, FIRST_NAME, LAST_NAME, EMAIL, PHONE_NUMBER, 
    HIRE_DATE, JOB_ID, SALARY, COMMISSION_PCT, MANAGER_ID, 
    DEPARTMENT_ID)
 Values
   (186, 'Julia', 'Dellinger', 'JDELLING', '650.509.3876', 
    TO_DATE('06/24/2006 00:00:00', 'MM/DD/YYYY HH24:MI:SS'), 'SH_CLERK', 3400, NULL, 121, 
    50);
Insert into EMPLOYEES
   (EMPLOYEE_ID, FIRST_NAME, LAST_NAME, EMAIL, PHONE_NUMBER, 
    HIRE_DATE, JOB_ID, SALARY, COMMISSION_PCT, MANAGER_ID, 
    DEPARTMENT_ID)
 Values
   (187, 'Anthony', 'Cabrio', 'ACABRIO', '650.509.4876', 
    TO_DATE('02/07/2007 00:00:00', 'MM/DD/YYYY HH24:MI:SS'), 'SH_CLERK', 3000, NULL, 121, 
    50);
Insert into EMPLOYEES
   (EMPLOYEE_ID, FIRST_NAME, LAST_NAME, EMAIL, PHONE_NUMBER, 
    HIRE_DATE, JOB_ID, SALARY, COMMISSION_PCT, MANAGER_ID, 
    DEPARTMENT_ID)
 Values
   (188, 'Kelly', 'Chung', 'KCHUNG', '650.505.1876', 
    TO_DATE('06/14/2005 00:00:00', 'MM/DD/YYYY HH24:MI:SS'), 'SH_CLERK', 3800, NULL, 122, 
    50);
Insert into EMPLOYEES
   (EMPLOYEE_ID, FIRST_NAME, LAST_NAME, EMAIL, PHONE_NUMBER, 
    HIRE_DATE, JOB_ID, SALARY, COMMISSION_PCT, MANAGER_ID, 
    DEPARTMENT_ID)
 Values
   (189, 'Jennifer', 'Dilly', 'JDILLY', '650.505.2876', 
    TO_DATE('08/13/2005 00:00:00', 'MM/DD/YYYY HH24:MI:SS'), 'SH_CLERK', 3600, NULL, 122, 
    50);
Insert into EMPLOYEES
   (EMPLOYEE_ID, FIRST_NAME, LAST_NAME, EMAIL, PHONE_NUMBER, 
    HIRE_DATE, JOB_ID, SALARY, COMMISSION_PCT, MANAGER_ID, 
    DEPARTMENT_ID)
 Values
   (190, 'Timothy', 'Gates', 'TGATES', '650.505.3876', 
    TO_DATE('07/11/2006 00:00:00', 'MM/DD/YYYY HH24:MI:SS'), 'SH_CLERK', 2900, NULL, 122, 
    50);
Insert into EMPLOYEES
   (EMPLOYEE_ID, FIRST_NAME, LAST_NAME, EMAIL, PHONE_NUMBER, 
    HIRE_DATE, JOB_ID, SALARY, COMMISSION_PCT, MANAGER_ID, 
    DEPARTMENT_ID)
 Values
   (191, 'Randall', 'Perkins', 'RPERKINS', '650.505.4876', 
    TO_DATE('12/19/2007 00:00:00', 'MM/DD/YYYY HH24:MI:SS'), 'SH_CLERK', 2500, NULL, 122, 
    50);
Insert into EMPLOYEES
   (EMPLOYEE_ID, FIRST_NAME, LAST_NAME, EMAIL, PHONE_NUMBER, 
    HIRE_DATE, JOB_ID, SALARY, COMMISSION_PCT, MANAGER_ID, 
    DEPARTMENT_ID)
 Values
   (192, 'Sarah', 'Bell', 'SBELL', '650.501.1876', 
    TO_DATE('02/04/2004 00:00:00', 'MM/DD/YYYY HH24:MI:SS'), 'SH_CLERK', 4000, NULL, 123, 
    50);
Insert into EMPLOYEES
   (EMPLOYEE_ID, FIRST_NAME, LAST_NAME, EMAIL, PHONE_NUMBER, 
    HIRE_DATE, JOB_ID, SALARY, COMMISSION_PCT, MANAGER_ID, 
    DEPARTMENT_ID)
 Values
   (193, 'Britney', 'Everett', 'BEVERETT', '650.501.2876', 
    TO_DATE('03/03/2005 00:00:00', 'MM/DD/YYYY HH24:MI:SS'), 'SH_CLERK', 3900, NULL, 123, 
    50);
Insert into EMPLOYEES
   (EMPLOYEE_ID, FIRST_NAME, LAST_NAME, EMAIL, PHONE_NUMBER, 
    HIRE_DATE, JOB_ID, SALARY, COMMISSION_PCT, MANAGER_ID, 
    DEPARTMENT_ID)
 Values
   (194, 'Samuel', 'McCain', 'SMCCAIN', '650.501.3876', 
    TO_DATE('07/01/2006 00:00:00', 'MM/DD/YYYY HH24:MI:SS'), 'SH_CLERK', 3200, NULL, 123, 
    50);
Insert into EMPLOYEES
   (EMPLOYEE_ID, FIRST_NAME, LAST_NAME, EMAIL, PHONE_NUMBER, 
    HIRE_DATE, JOB_ID, SALARY, COMMISSION_PCT, MANAGER_ID, 
    DEPARTMENT_ID)
 Values
   (195, 'Vance', 'Jones', 'VJONES', '650.501.4876', 
    TO_DATE('03/17/2007 00:00:00', 'MM/DD/YYYY HH24:MI:SS'), 'SH_CLERK', 2800, NULL, 123, 
    50);
Insert into EMPLOYEES
   (EMPLOYEE_ID, FIRST_NAME, LAST_NAME, EMAIL, PHONE_NUMBER, 
    HIRE_DATE, JOB_ID, SALARY, COMMISSION_PCT, MANAGER_ID, 
    DEPARTMENT_ID)
 Values
   (196, 'Alana', 'Walsh', 'AWALSH', '650.507.9811', 
    TO_DATE('04/24/2006 00:00:00', 'MM/DD/YYYY HH24:MI:SS'), 'SH_CLERK', 3100, NULL, 124, 
    50);
Insert into EMPLOYEES
   (EMPLOYEE_ID, FIRST_NAME, LAST_NAME, EMAIL, PHONE_NUMBER, 
    HIRE_DATE, JOB_ID, SALARY, COMMISSION_PCT, MANAGER_ID, 
    DEPARTMENT_ID)
 Values
   (197, 'Kevin', 'Feeney', 'KFEENEY', '650.507.9822', 
    TO_DATE('05/23/2006 00:00:00', 'MM/DD/YYYY HH24:MI:SS'), 'SH_CLERK', 3000, NULL, 124, 
    50);
Insert into EMPLOYEES
   (EMPLOYEE_ID, FIRST_NAME, LAST_NAME, EMAIL, PHONE_NUMBER, 
    HIRE_DATE, JOB_ID, SALARY, COMMISSION_PCT, MANAGER_ID, 
    DEPARTMENT_ID)
 Values
   (198, 'Donald', 'OConnell', 'DOCONNEL', '650.507.9833', 
    TO_DATE('06/21/2007 00:00:00', 'MM/DD/YYYY HH24:MI:SS'), 'SH_CLERK', 2600, NULL, 124, 
    50);
Insert into EMPLOYEES
   (EMPLOYEE_ID, FIRST_NAME, LAST_NAME, EMAIL, PHONE_NUMBER, 
    HIRE_DATE, JOB_ID, SALARY, COMMISSION_PCT, MANAGER_ID, 
    DEPARTMENT_ID)
 Values
   (199, 'Douglas', 'Grant', 'DGRANT', '650.507.9844', 
    TO_DATE('01/13/2008 00:00:00', 'MM/DD/YYYY HH24:MI:SS'), 'SH_CLERK', 2600, NULL, 124, 
    50);
Insert into EMPLOYEES
   (EMPLOYEE_ID, FIRST_NAME, LAST_NAME, EMAIL, PHONE_NUMBER, 
    HIRE_DATE, JOB_ID, SALARY, COMMISSION_PCT, MANAGER_ID, 
    DEPARTMENT_ID)
 Values
   (200, 'Jennifer', 'Whalen', 'JWHALEN', '515.123.4444', 
    TO_DATE('09/17/2003 00:00:00', 'MM/DD/YYYY HH24:MI:SS'), 'AD_ASST', 4400, NULL, 101, 
    10);
Insert into EMPLOYEES
   (EMPLOYEE_ID, FIRST_NAME, LAST_NAME, EMAIL, PHONE_NUMBER, 
    HIRE_DATE, JOB_ID, SALARY, COMMISSION_PCT, MANAGER_ID, 
    DEPARTMENT_ID)
 Values
   (201, 'Michael', 'Hartstein', 'MHARTSTE', '515.123.5555', 
    TO_DATE('02/17/2004 00:00:00', 'MM/DD/YYYY HH24:MI:SS'), 'MK_MAN', 13000, NULL, 100, 
    20);
Insert into EMPLOYEES
   (EMPLOYEE_ID, FIRST_NAME, LAST_NAME, EMAIL, PHONE_NUMBER, 
    HIRE_DATE, JOB_ID, SALARY, COMMISSION_PCT, MANAGER_ID, 
    DEPARTMENT_ID)
 Values
   (202, 'Pat', 'Fay', 'PFAY', '603.123.6666', 
    TO_DATE('08/17/2005 00:00:00', 'MM/DD/YYYY HH24:MI:SS'), 'MK_REP', 6000, NULL, 201, 
    20);
Insert into EMPLOYEES
   (EMPLOYEE_ID, FIRST_NAME, LAST_NAME, EMAIL, PHONE_NUMBER, 
    HIRE_DATE, JOB_ID, SALARY, COMMISSION_PCT, MANAGER_ID, 
    DEPARTMENT_ID)
 Values
   (203, 'Susan', 'Mavris', 'SMAVRIS', '515.123.7777', 
    TO_DATE('06/07/2002 00:00:00', 'MM/DD/YYYY HH24:MI:SS'), 'HR_REP', 6500, NULL, 101, 
    40);
Insert into EMPLOYEES
   (EMPLOYEE_ID, FIRST_NAME, LAST_NAME, EMAIL, PHONE_NUMBER, 
    HIRE_DATE, JOB_ID, SALARY, COMMISSION_PCT, MANAGER_ID, 
    DEPARTMENT_ID)
 Values
   (204, 'Hermann', 'Baer', 'HBAER', '515.123.8888', 
    TO_DATE('06/07/2002 00:00:00', 'MM/DD/YYYY HH24:MI:SS'), 'PR_REP', 10000, NULL, 101, 
    70);
Insert into EMPLOYEES
   (EMPLOYEE_ID, FIRST_NAME, LAST_NAME, EMAIL, PHONE_NUMBER, 
    HIRE_DATE, JOB_ID, SALARY, COMMISSION_PCT, MANAGER_ID, 
    DEPARTMENT_ID)
 Values
   (205, 'Shelley', 'Higgins', 'SHIGGINS', '515.123.8080', 
    TO_DATE('06/07/2002 00:00:00', 'MM/DD/YYYY HH24:MI:SS'), 'AC_MGR', 12008, NULL, 101, 
    110);
Insert into EMPLOYEES
   (EMPLOYEE_ID, FIRST_NAME, LAST_NAME, EMAIL, PHONE_NUMBER, 
    HIRE_DATE, JOB_ID, SALARY, COMMISSION_PCT, MANAGER_ID, 
    DEPARTMENT_ID)
 Values
   (206, 'William', 'Gietz', 'WGIETZ', '515.123.8181', 
    TO_DATE('06/07/2002 00:00:00', 'MM/DD/YYYY HH24:MI:SS'), 'AC_ACCOUNT', 8300, NULL, 205, 
    110);



Insert into JOB_HISTORY
   (EMPLOYEE_ID, START_DATE, END_DATE, JOB_ID, DEPARTMENT_ID)
 Values
   (102, TO_DATE('01/13/2001 00:00:00', 'MM/DD/YYYY HH24:MI:SS'), TO_DATE('07/24/2006 00:00:00', 'MM/DD/YYYY HH24:MI:SS'), 'IT_PROG', 60);
Insert into JOB_HISTORY
   (EMPLOYEE_ID, START_DATE, END_DATE, JOB_ID, DEPARTMENT_ID)
 Values
   (101, TO_DATE('09/21/1997 00:00:00', 'MM/DD/YYYY HH24:MI:SS'), TO_DATE('10/27/2001 00:00:00', 'MM/DD/YYYY HH24:MI:SS'), 'AC_ACCOUNT', 110);
Insert into JOB_HISTORY
   (EMPLOYEE_ID, START_DATE, END_DATE, JOB_ID, DEPARTMENT_ID)
 Values
   (101, TO_DATE('10/28/2001 00:00:00', 'MM/DD/YYYY HH24:MI:SS'), TO_DATE('03/15/2005 00:00:00', 'MM/DD/YYYY HH24:MI:SS'), 'AC_MGR', 110);
Insert into JOB_HISTORY
   (EMPLOYEE_ID, START_DATE, END_DATE, JOB_ID, DEPARTMENT_ID)
 Values
   (201, TO_DATE('02/17/2004 00:00:00', 'MM/DD/YYYY HH24:MI:SS'), TO_DATE('12/19/2007 00:00:00', 'MM/DD/YYYY HH24:MI:SS'), 'MK_REP', 20);
Insert into JOB_HISTORY
   (EMPLOYEE_ID, START_DATE, END_DATE, JOB_ID, DEPARTMENT_ID)
 Values
   (114, TO_DATE('03/24/2006 00:00:00', 'MM/DD/YYYY HH24:MI:SS'), TO_DATE('12/31/2007 00:00:00', 'MM/DD/YYYY HH24:MI:SS'), 'ST_CLERK', 50);
Insert into JOB_HISTORY
   (EMPLOYEE_ID, START_DATE, END_DATE, JOB_ID, DEPARTMENT_ID)
 Values
   (122, TO_DATE('01/01/2007 00:00:00', 'MM/DD/YYYY HH24:MI:SS'), TO_DATE('12/31/2007 00:00:00', 'MM/DD/YYYY HH24:MI:SS'), 'ST_CLERK', 50);
Insert into JOB_HISTORY
   (EMPLOYEE_ID, START_DATE, END_DATE, JOB_ID, DEPARTMENT_ID)
 Values
   (200, TO_DATE('09/17/1995 00:00:00', 'MM/DD/YYYY HH24:MI:SS'), TO_DATE('06/17/2001 00:00:00', 'MM/DD/YYYY HH24:MI:SS'), 'AD_ASST', 90);
Insert into JOB_HISTORY
   (EMPLOYEE_ID, START_DATE, END_DATE, JOB_ID, DEPARTMENT_ID)
 Values
   (176, TO_DATE('03/24/2006 00:00:00', 'MM/DD/YYYY HH24:MI:SS'), TO_DATE('12/31/2006 00:00:00', 'MM/DD/YYYY HH24:MI:SS'), 'SA_REP', 80);
Insert into JOB_HISTORY
   (EMPLOYEE_ID, START_DATE, END_DATE, JOB_ID, DEPARTMENT_ID)
 Values
   (176, TO_DATE('01/01/2007 00:00:00', 'MM/DD/YYYY HH24:MI:SS'), TO_DATE('12/31/2007 00:00:00', 'MM/DD/YYYY HH24:MI:SS'), 'SA_MAN', 80);
Insert into JOB_HISTORY
   (EMPLOYEE_ID, START_DATE, END_DATE, JOB_ID, DEPARTMENT_ID)
 Values
   (200, TO_DATE('07/01/2002 00:00:00', 'MM/DD/YYYY HH24:MI:SS'), TO_DATE('12/31/2006 00:00:00', 'MM/DD/YYYY HH24:MI:SS'), 'AC_ACCOUNT', 90);



Insert into JOBS
   (JOB_ID, JOB_TITLE, MIN_SALARY, MAX_SALARY)
 Values
   ('AD_PRES', 'President', 20080, 40000);
Insert into JOBS
   (JOB_ID, JOB_TITLE, MIN_SALARY, MAX_SALARY)
 Values
   ('AD_VP', 'Administration Vice President', 15000, 30000);
Insert into JOBS
   (JOB_ID, JOB_TITLE, MIN_SALARY, MAX_SALARY)
 Values
   ('AD_ASST', 'Administration Assistant', 3000, 6000);
Insert into JOBS
   (JOB_ID, JOB_TITLE, MIN_SALARY, MAX_SALARY)
 Values
   ('FI_MGR', 'Finance Manager', 8200, 16000);
Insert into JOBS
   (JOB_ID, JOB_TITLE, MIN_SALARY, MAX_SALARY)
 Values
   ('FI_ACCOUNT', 'Accountant', 4200, 9000);
Insert into JOBS
   (JOB_ID, JOB_TITLE, MIN_SALARY, MAX_SALARY)
 Values
   ('AC_MGR', 'Accounting Manager', 8200, 16000);
Insert into JOBS
   (JOB_ID, JOB_TITLE, MIN_SALARY, MAX_SALARY)
 Values
   ('AC_ACCOUNT', 'Public Accountant', 4200, 9000);
Insert into JOBS
   (JOB_ID, JOB_TITLE, MIN_SALARY, MAX_SALARY)
 Values
   ('SA_MAN', 'Sales Manager', 10000, 20080);
Insert into JOBS
   (JOB_ID, JOB_TITLE, MIN_SALARY, MAX_SALARY)
 Values
   ('SA_REP', 'Sales Representative', 6000, 12008);
Insert into JOBS
   (JOB_ID, JOB_TITLE, MIN_SALARY, MAX_SALARY)
 Values
   ('PU_MAN', 'Purchasing Manager', 8000, 15000);
Insert into JOBS
   (JOB_ID, JOB_TITLE, MIN_SALARY, MAX_SALARY)
 Values
   ('PU_CLERK', 'Purchasing Clerk', 2500, 5500);
Insert into JOBS
   (JOB_ID, JOB_TITLE, MIN_SALARY, MAX_SALARY)
 Values
   ('ST_MAN', 'Stock Manager', 5500, 8500);
Insert into JOBS
   (JOB_ID, JOB_TITLE, MIN_SALARY, MAX_SALARY)
 Values
   ('ST_CLERK', 'Stock Clerk', 2008, 5000);
Insert into JOBS
   (JOB_ID, JOB_TITLE, MIN_SALARY, MAX_SALARY)
 Values
   ('SH_CLERK', 'Shipping Clerk', 2500, 5500);
Insert into JOBS
   (JOB_ID, JOB_TITLE, MIN_SALARY, MAX_SALARY)
 Values
   ('IT_PROG', 'Programmer', 4000, 10000);
Insert into JOBS
   (JOB_ID, JOB_TITLE, MIN_SALARY, MAX_SALARY)
 Values
   ('MK_MAN', 'Marketing Manager', 9000, 15000);
Insert into JOBS
   (JOB_ID, JOB_TITLE, MIN_SALARY, MAX_SALARY)
 Values
   ('MK_REP', 'Marketing Representative', 4000, 9000);
Insert into JOBS
   (JOB_ID, JOB_TITLE, MIN_SALARY, MAX_SALARY)
 Values
   ('HR_REP', 'Human Resources Representative', 4000, 9000);
Insert into JOBS
   (JOB_ID, JOB_TITLE, MIN_SALARY, MAX_SALARY)
 Values
   ('PR_REP', 'Public Relations Representative', 4500, 10500);



Insert into LOCATIONS
   (LOCATION_ID, STREET_ADDRESS, POSTAL_CODE, CITY, STATE_PROVINCE, 
    COUNTRY_ID)
 Values
   (1000, '1297 Via Cola di Rie', '00989', 'Roma', NULL, 
    'IT');
Insert into LOCATIONS
   (LOCATION_ID, STREET_ADDRESS, POSTAL_CODE, CITY, STATE_PROVINCE, 
    COUNTRY_ID)
 Values
   (1100, '93091 Calle della Testa', '10934', 'Venice', NULL, 
    'IT');
Insert into LOCATIONS
   (LOCATION_ID, STREET_ADDRESS, POSTAL_CODE, CITY, STATE_PROVINCE, 
    COUNTRY_ID)
 Values
   (1200, '2017 Shinjuku-ku', '1689', 'Tokyo', 'Tokyo Prefecture', 
    'JP');
Insert into LOCATIONS
   (LOCATION_ID, STREET_ADDRESS, POSTAL_CODE, CITY, STATE_PROVINCE, 
    COUNTRY_ID)
 Values
   (1300, '9450 Kamiya-cho', '6823', 'Hiroshima', NULL, 
    'JP');
Insert into LOCATIONS
   (LOCATION_ID, STREET_ADDRESS, POSTAL_CODE, CITY, STATE_PROVINCE, 
    COUNTRY_ID)
 Values
   (1400, '2014 Jabberwocky Rd', '26192', 'Southlake', 'Texas', 
    'US');
Insert into LOCATIONS
   (LOCATION_ID, STREET_ADDRESS, POSTAL_CODE, CITY, STATE_PROVINCE, 
    COUNTRY_ID)
 Values
   (1500, '2011 Interiors Blvd', '99236', 'South San Francisco', 'California', 
    'US');
Insert into LOCATIONS
   (LOCATION_ID, STREET_ADDRESS, POSTAL_CODE, CITY, STATE_PROVINCE, 
    COUNTRY_ID)
 Values
   (1600, '2007 Zagora St', '50090', 'South Brunswick', 'New Jersey', 
    'US');
Insert into LOCATIONS
   (LOCATION_ID, STREET_ADDRESS, POSTAL_CODE, CITY, STATE_PROVINCE, 
    COUNTRY_ID)
 Values
   (1700, '2004 Charade Rd', '98199', 'Seattle', 'Washington', 
    'US');
Insert into LOCATIONS
   (LOCATION_ID, STREET_ADDRESS, POSTAL_CODE, CITY, STATE_PROVINCE, 
    COUNTRY_ID)
 Values
   (1800, '147 Spadina Ave', 'M5V 2L7', 'Toronto', 'Ontario', 
    'CA');
Insert into LOCATIONS
   (LOCATION_ID, STREET_ADDRESS, POSTAL_CODE, CITY, STATE_PROVINCE, 
    COUNTRY_ID)
 Values
   (1900, '6092 Boxwood St', 'YSW 9T2', 'Whitehorse', 'Yukon', 
    'CA');
Insert into LOCATIONS
   (LOCATION_ID, STREET_ADDRESS, POSTAL_CODE, CITY, STATE_PROVINCE, 
    COUNTRY_ID)
 Values
   (2000, '40-5-12 Laogianggen', '190518', 'Beijing', NULL, 
    'CN');
Insert into LOCATIONS
   (LOCATION_ID, STREET_ADDRESS, POSTAL_CODE, CITY, STATE_PROVINCE, 
    COUNTRY_ID)
 Values
   (2100, '1298 Vileparle (E)', '490231', 'Bombay', 'Maharashtra', 
    'IN');
Insert into LOCATIONS
   (LOCATION_ID, STREET_ADDRESS, POSTAL_CODE, CITY, STATE_PROVINCE, 
    COUNTRY_ID)
 Values
   (2200, '12-98 Victoria Street', '2901', 'Sydney', 'New South Wales', 
    'AU');
Insert into LOCATIONS
   (LOCATION_ID, STREET_ADDRESS, POSTAL_CODE, CITY, STATE_PROVINCE, 
    COUNTRY_ID)
 Values
   (2300, '198 Clementi North', '540198', 'Singapore', NULL, 
    'SG');
Insert into LOCATIONS
   (LOCATION_ID, STREET_ADDRESS, POSTAL_CODE, CITY, STATE_PROVINCE, 
    COUNTRY_ID)
 Values
   (2400, '8204 Arthur St', NULL, 'London', NULL, 
    'UK');
Insert into LOCATIONS
   (LOCATION_ID, STREET_ADDRESS, POSTAL_CODE, CITY, STATE_PROVINCE, 
    COUNTRY_ID)
 Values
   (2500, 'Magdalen Centre, The Oxford Science Park', 'OX9 9ZB', 'Oxford', 'Oxford', 
    'UK');
Insert into LOCATIONS
   (LOCATION_ID, STREET_ADDRESS, POSTAL_CODE, CITY, STATE_PROVINCE, 
    COUNTRY_ID)
 Values
   (2600, '9702 Chester Road', '09629850293', 'Stretford', 'Manchester', 
    'UK');
Insert into LOCATIONS
   (LOCATION_ID, STREET_ADDRESS, POSTAL_CODE, CITY, STATE_PROVINCE, 
    COUNTRY_ID)
 Values
   (2700, 'Schwanthalerstr. 7031', '80925', 'Munich', 'Bavaria', 
    'DE');
Insert into LOCATIONS
   (LOCATION_ID, STREET_ADDRESS, POSTAL_CODE, CITY, STATE_PROVINCE, 
    COUNTRY_ID)
 Values
   (2800, 'Rua Frei Caneca 1360 ', '01307-002', 'Sao Paulo', 'Sao Paulo', 
    'BR');
Insert into LOCATIONS
   (LOCATION_ID, STREET_ADDRESS, POSTAL_CODE, CITY, STATE_PROVINCE, 
    COUNTRY_ID)
 Values
   (2900, '20 Rue des Corps-Saints', '1730', 'Geneva', 'Geneve', 
    'CH');
Insert into LOCATIONS
   (LOCATION_ID, STREET_ADDRESS, POSTAL_CODE, CITY, STATE_PROVINCE, 
    COUNTRY_ID)
 Values
   (3000, 'Murtenstrasse 921', '3095', 'Bern', 'BE', 
    'CH');
Insert into LOCATIONS
   (LOCATION_ID, STREET_ADDRESS, POSTAL_CODE, CITY, STATE_PROVINCE, 
    COUNTRY_ID)
 Values
   (3100, 'Pieter Breughelstraat 837', '3029SK', 'Utrecht', 'Utrecht', 
    'NL');
Insert into LOCATIONS
   (LOCATION_ID, STREET_ADDRESS, POSTAL_CODE, CITY, STATE_PROVINCE, 
    COUNTRY_ID)
 Values
   (3200, 'Mariano Escobedo 9991', '11932', 'Mexico City', 'Distrito Federal,', 
    'MX');



Insert into REGIONS
   (REGION_ID, REGION_NAME)
 Values
   (1, 'Europe');
Insert into REGIONS
   (REGION_ID, REGION_NAME)
 Values
   (2, 'Americas');
Insert into REGIONS
   (REGION_ID, REGION_NAME)
 Values
   (3, 'Asia');
Insert into REGIONS
   (REGION_ID, REGION_NAME)
 Values
   (4, 'Middle East and Africa');


CREATE UNIQUE INDEX DEPT_ID_PK ON DEPARTMENTS
(DEPARTMENT_ID);


CREATE INDEX DEPT_LOCATION_IX ON DEPARTMENTS
(LOCATION_ID);


CREATE INDEX EMP_DEPARTMENT_IX ON EMPLOYEES
(DEPARTMENT_ID);


CREATE UNIQUE INDEX EMP_EMAIL_UK ON EMPLOYEES
(EMAIL);


CREATE UNIQUE INDEX EMP_EMP_ID_PK ON EMPLOYEES
(EMPLOYEE_ID);


CREATE INDEX EMP_JOB_IX ON EMPLOYEES
(JOB_ID);


CREATE INDEX EMP_MANAGER_IX ON EMPLOYEES
(MANAGER_ID);


CREATE INDEX EMP_NAME_IX ON EMPLOYEES
(LAST_NAME, FIRST_NAME);


CREATE INDEX JHIST_DEPARTMENT_IX ON JOB_HISTORY
(DEPARTMENT_ID);


CREATE INDEX JHIST_EMPLOYEE_IX ON JOB_HISTORY
(EMPLOYEE_ID);


CREATE UNIQUE INDEX JHIST_EMP_ID_ST_DATE_PK ON JOB_HISTORY
(EMPLOYEE_ID, START_DATE);


CREATE INDEX JHIST_JOB_IX ON JOB_HISTORY
(JOB_ID);



ALTER TABLE REGIONS 
ADD PRIMARY KEY (REGION_ID);


ALTER TABLE LOCATIONS 
ADD PRIMARY KEY (LOCATION_ID);

ALTER TABLE JOBS 
ADD PRIMARY KEY (JOB_ID);

ALTER TABLE DEPARTMENTS 
ADD PRIMARY KEY (DEPARTMENT_ID);

ALTER TABLE EMPLOYEES 
ADD PRIMARY KEY (EMPLOYEE_ID);


ALTER TABLE JOB_HISTORY
ADD PRIMARY KEY (EMPLOYEE_ID,START_DATE);

ALTER TABLE COUNTRIES
ADD CONSTRAINT COUNTR_REG_FK 
FOREIGN KEY (REGION_ID) 
REFERENCES REGIONS (REGION_ID);


ALTER TABLE LOCATIONS
ADD CONSTRAINT LOC_C_ID_FK 
FOREIGN KEY (COUNTRY_ID) 
REFERENCES COUNTRIES (COUNTRY_ID);

ALTER TABLE DEPARTMENTS
ADD CONSTRAINT DEPT_MGR_FK 
FOREIGN KEY (MANAGER_ID) 
REFERENCES EMPLOYEES (EMPLOYEE_ID),
ADD CONSTRAINT DEPT_LOC_FK 
FOREIGN KEY (LOCATION_ID) 
REFERENCES LOCATIONS (LOCATION_ID);

ALTER TABLE EMPLOYEES
ADD CONSTRAINT EMP_MANAGER_FK 
FOREIGN KEY (MANAGER_ID) 
REFERENCES EMPLOYEES (EMPLOYEE_ID),
ADD CONSTRAINT EMP_JOB_FK 
FOREIGN KEY (JOB_ID) 
REFERENCES JOBS (JOB_ID),
ADD CONSTRAINT EMP_DEPT_FK 
FOREIGN KEY (DEPARTMENT_ID) 
REFERENCES DEPARTMENTS (DEPARTMENT_ID);

ALTER TABLE JOB_HISTORY
ADD CONSTRAINT JHIST_DEPT_FK 
FOREIGN KEY (DEPARTMENT_ID) 
REFERENCES DEPARTMENTS (DEPARTMENT_ID),
ADD CONSTRAINT JHIST_EMP_FK 
FOREIGN KEY (EMPLOYEE_ID) 
REFERENCES EMPLOYEES (EMPLOYEE_ID),
ADD CONSTRAINT JHIST_JOB_FK 
FOREIGN KEY (JOB_ID) 
REFERENCES JOBS (JOB_ID);

CREATE TABLE CUSTOMER
(
  CUSTOMER_ID INTEGER,
  FIRST_NAME VARCHAR(50),
  LAST_NAME VARCHAR(50),
  MIDDLE_NAME VARCHAR(50),
  ADDRESS_LINE1 VARCHAR(80),
  ADDRESS_LINE2 VARCHAR(80),
  CITY VARCHAR(40),
  COUNTRY VARCHAR(50),
  DATE_ADDED DATE,
  REGION VARCHAR(10)
);
CREATE TABLE PRODUCT
(
  PRODUCT_ID INTEGER,
  PRODUCT_NAME VARCHAR(100),
  STANDARD_COST NUMERIC(10,2),
  COLOR VARCHAR(20),
  LIST_PRICE NUMERIC(10,2),
  PRODUCT_SIZE NUMERIC(8,2),
  WEIGHT NUMERIC(10,2),
  PRODUCT_CATEGORY VARCHAR(20)
);
CREATE TABLE SALES
(
  SALES_DATE DATE,
  ORDER_ID INTEGER,
  PRODUCT_ID INTEGER,
  CUSTOMER_ID INTEGER,
  SALESPERSON_ID INTEGER,
  QUANTITY INTEGER,
  UNIT_PRICE NUMERIC(10,2),
  SALES_AMOUNT NUMERIC(10,2),
  TAX_AMOUNT NUMERIC(10,2),
  TOTAL_AMOUNT NUMERIC(10,2)
);
CREATE TABLE SALES_HISTORY
(
  SALES_DATE DATE,
  ORDER_ID INTEGER,
  PRODUCT_ID INTEGER,
  CUSTOMER_ID INTEGER,
  SALESPERSON_ID INTEGER,
  QUANTITY INTEGER,
  UNIT_PRICE NUMERIC(10,2),
  SALES_AMOUNT NUMERIC(10,2),
  TAX_AMOUNT NUMERIC(10,2),
  TOTAL_AMOUNT NUMERIC(10,2)
);
CREATE TABLE SALESPERSON
(
  SALESPERSON_ID INTEGER,
  JOB_TITLE VARCHAR(80),
  FIRST_NAME VARCHAR(50),
  LAST_NAME VARCHAR(50),
  MIDDLE_NAME VARCHAR(50),
  ADDRESS_LINE1 VARCHAR(80),
  ADDRESS_LINE2 VARCHAR(80),
  CITY VARCHAR(40),
  COUNTRY VARCHAR(50),
  DATE_ADDED DATE,
  MANAGER VARCHAR(20)
);
Insert into CUSTOMER
(CUSTOMER_ID,FIRST_NAME,LAST_NAME,MIDDLE_NAME,ADDRESS_LINE1,ADDRESS_LINE2,CITY,
COUNTRY,DATE_ADDED,REGION) values
(10,'JOHN','AMIRTHRAJ','T','2345 PETERDRIVE',null,'Atlanta','USA',
to_date('12-JAN-15','DD-MON-YY'),'SOUTH');
Insert into CUSTOMER
(CUSTOMER_ID,FIRST_NAME,LAST_NAME,MIDDLE_NAME,ADDRESS_LINE1,ADDRESS_LINE2,CITY,
COUNTRY,DATE_ADDED,REGION) values
(11,'TOM','JOSEPH','A','123SANDY DRIVE',null,'New York','USA',
to_date('12-JAN-15','DD-MON-YY'),'SOUTH');
Insert into CUSTOMER
(CUSTOMER_ID,FIRST_NAME,LAST_NAME,MIDDLE_NAME,ADDRESS_LINE1,ADDRESS_LINE2,CITY,
COUNTRY,DATE_ADDED,REGION) values
(12,'PETER','MANN','J','3456 GATES DRIVE',null,'Washington','USA',
to_date('13-JAN-15','DD-MON-YY'),'NORTH');

Insert into PRODUCT
(PRODUCT_ID,PRODUCT_NAME,STANDARD_COST,COLOR,LIST_PRICE,PRODUCT_SIZE,WEIGHT,
PRODUCT_CATEGORY)
values (100,'Mobile Cover',30,null,35,10,100,'Mobile');
Insert into PRODUCT
(PRODUCT_ID,PRODUCT_NAME,STANDARD_COST,COLOR,LIST_PRICE,PRODUCT_SIZE,WEIGHT,
PRODUCT_CATEGORY)
values (200,'Samsung F7100',80,'BLACK',35,6,50,'Mobile');
Insert into PRODUCT
(PRODUCT_ID,PRODUCT_NAME,STANDARD_COST,COLOR,LIST_PRICE,PRODUCT_SIZE,WEIGHT,
PRODUCT_CATEGORY)
values (105,'HTC 7800',70,'BLACK',80,6,40,'Mobile');
Insert into PRODUCT
(PRODUCT_ID,PRODUCT_NAME,STANDARD_COST,COLOR,LIST_PRICE,PRODUCT_SIZE,WEIGHT,
PRODUCT_CATEGORY)
values (106,'Microsoft Keyboard 7865',50,'BLACK',60,3,20,'Computer');
Insert into PRODUCT
(PRODUCT_ID,PRODUCT_NAME,STANDARD_COST,COLOR,LIST_PRICE,PRODUCT_SIZE,WEIGHT,
PRODUCT_CATEGORY)
values (501,'Microsoft Mouse 7863',30,'GREY',40,1,25,'Computer');
Insert into PRODUCT
(PRODUCT_ID,PRODUCT_NAME,STANDARD_COST,COLOR,LIST_PRICE,PRODUCT_SIZE,WEIGHT,
PRODUCT_CATEGORY)
values (101,'iPhone',500,'GOLD',600,6,20,'Mobile');

Insert into SALES
(SALES_DATE,ORDER_ID,PRODUCT_ID,CUSTOMER_ID,SALESPERSON_ID,QUANTITY,UNIT_PRICE,
SALES_AMOUNT,TAX_AMOUNT,TOTAL_AMOUNT) values
(to_date('12-JAN-15','DD-MON-RR'),1560,101,12,1000,20,20,400,40,440);
Insert into SALES
(SALES_DATE,ORDER_ID,PRODUCT_ID,CUSTOMER_ID,SALESPERSON_ID,QUANTITY,UNIT_PRICE,
SALES_AMOUNT,TAX_AMOUNT,TOTAL_AMOUNT) values
(to_date('15-JAN-15','DD-MON-RR'),1561,101,12,1000,20,20,400,40,440);
Insert into SALES
(SALES_DATE,ORDER_ID,PRODUCT_ID,CUSTOMER_ID,SALESPERSON_ID,QUANTITY,UNIT_PRICE,
SALES_AMOUNT,TAX_AMOUNT,TOTAL_AMOUNT) values
(to_date('16-JAN-15','DD-MON-RR'),1563,101,12,1000,20,20,400,40,440);
Insert into SALES
(SALES_DATE,ORDER_ID,PRODUCT_ID,CUSTOMER_ID,SALESPERSON_ID,QUANTITY,UNIT_PRICE,
SALES_AMOUNT,TAX_AMOUNT,TOTAL_AMOUNT) values
(to_date('12-JAN-15','DD-MON-RR'),1562,101,12,1000,20,20,400,40,440);
Insert into SALES
(SALES_DATE,ORDER_ID,PRODUCT_ID,CUSTOMER_ID,SALESPERSON_ID,QUANTITY,UNIT_PRICE,
SALES_AMOUNT,TAX_AMOUNT,TOTAL_AMOUNT) values
(to_date('12-JAN-15','DD-MON-RR'),1565,101,12,1000,20,20,400,40,440);
Insert into SALES
(SALES_DATE,ORDER_ID,PRODUCT_ID,CUSTOMER_ID,SALESPERSON_ID,QUANTITY,UNIT_PRICE,
SALES_AMOUNT,TAX_AMOUNT,TOTAL_AMOUNT) values
(to_date('01-FEB-15','DD-MON-RR'),1269,200,12,1000,20,80,1600,160,1760);
Insert into SALES
(SALES_DATE,ORDER_ID,PRODUCT_ID,CUSTOMER_ID,SALESPERSON_ID,QUANTITY,UNIT_PRICE,
SALES_AMOUNT,TAX_AMOUNT,TOTAL_AMOUNT) values
(to_date('01-FEB-15','DD-MON-RR'),1269,200,12,1000,20,80,1600,160,1760);
Insert into SALES
(SALES_DATE,ORDER_ID,PRODUCT_ID,CUSTOMER_ID,SALESPERSON_ID,QUANTITY,UNIT_PRICE,
SALES_AMOUNT,TAX_AMOUNT,TOTAL_AMOUNT) values
(to_date('01-JAN-15','DD-MON-RR'),1267,100,10,1000,2,20,40,4,44);
Insert into SALES
(SALES_DATE,ORDER_ID,PRODUCT_ID,CUSTOMER_ID,SALESPERSON_ID,QUANTITY,UNIT_PRICE,
SALES_AMOUNT,TAX_AMOUNT,TOTAL_AMOUNT) values
(to_date('01-JAN-15','DD-MON-RR'),1267,101,10,1000,2,30,60,6,66);
Insert into SALES
(SALES_DATE,ORDER_ID,PRODUCT_ID,CUSTOMER_ID,SALESPERSON_ID,QUANTITY,UNIT_PRICE,
SALES_AMOUNT,TAX_AMOUNT,TOTAL_AMOUNT) values
(to_date('02-JAN-15','DD-MON-RR'),1268,100,11,2000,10,30,300,30,330);
Insert into SALES
(SALES_DATE,ORDER_ID,PRODUCT_ID,CUSTOMER_ID,SALESPERSON_ID,QUANTITY,UNIT_PRICE,
SALES_AMOUNT,TAX_AMOUNT,TOTAL_AMOUNT) values
(to_date('09-FEB-15','DD-MON-RR'),1270,105,10,3000,20,70,1400,140,1540);
Insert into SALES
(SALES_DATE,ORDER_ID,PRODUCT_ID,CUSTOMER_ID,SALESPERSON_ID,QUANTITY,UNIT_PRICE,
SALES_AMOUNT,TAX_AMOUNT,TOTAL_AMOUNT) values
(to_date('09-FEB-15','DD-MON-RR'),1270,106,10,3000,10,50,500,50,550);
Insert into SALES
(SALES_DATE,ORDER_ID,PRODUCT_ID,CUSTOMER_ID,SALESPERSON_ID,QUANTITY,UNIT_PRICE,
SALES_AMOUNT,TAX_AMOUNT,TOTAL_AMOUNT) values
(to_date('10-FEB-15','DD-MON-RR'),1271,101,10,3000,10,30,300,30,330);
Insert into SALES
(SALES_DATE,ORDER_ID,PRODUCT_ID,CUSTOMER_ID,SALESPERSON_ID,QUANTITY,UNIT_PRICE,
SALES_AMOUNT,TAX_AMOUNT,TOTAL_AMOUNT) values
(to_date('11-FEB-15','DD-MON-RR'),1272,200,12,4000,4,80,320,32,352);
Insert into SALES
(SALES_DATE,ORDER_ID,PRODUCT_ID,CUSTOMER_ID,SALESPERSON_ID,QUANTITY,UNIT_PRICE,
SALES_AMOUNT,TAX_AMOUNT,TOTAL_AMOUNT) values
(to_date('11-FEB-15','DD-MON-RR'),1273,200,12,5000,6,80,480,48,528);
Insert into SALES
(SALES_DATE,ORDER_ID,PRODUCT_ID,CUSTOMER_ID,SALESPERSON_ID,QUANTITY,UNIT_PRICE,
SALES_AMOUNT,TAX_AMOUNT,TOTAL_AMOUNT) values
(to_date('11-FEB-15','DD-MON-RR'),1274,100,10,6000,8,20,160,16,176);
Insert into SALES
(SALES_DATE,ORDER_ID,PRODUCT_ID,CUSTOMER_ID,SALESPERSON_ID,QUANTITY,UNIT_PRICE,
SALES_AMOUNT,TAX_AMOUNT,TOTAL_AMOUNT) values
(to_date('11-FEB-15','DD-MON-RR'),1275,101,10,7000,10,30,300,30,330);
Insert into SALES
(SALES_DATE,ORDER_ID,PRODUCT_ID,CUSTOMER_ID,SALESPERSON_ID,QUANTITY,UNIT_PRICE,
SALES_AMOUNT,TAX_AMOUNT,TOTAL_AMOUNT) values
(to_date('15-FEB-15','DD-MON-RR'),1276,100,11,8000,12,30,360,36,396);
Insert into SALES
(SALES_DATE,ORDER_ID,PRODUCT_ID,CUSTOMER_ID,SALESPERSON_ID,QUANTITY,UNIT_PRICE,
SALES_AMOUNT,TAX_AMOUNT,TOTAL_AMOUNT) values
(to_date('16-FEB-15','DD-MON-RR'),1277,105,10,9000,14,70,980,98,1078);
Insert into SALES
(SALES_DATE,ORDER_ID,PRODUCT_ID,CUSTOMER_ID,SALESPERSON_ID,QUANTITY,UNIT_PRICE,
SALES_AMOUNT,TAX_AMOUNT,TOTAL_AMOUNT) values
(to_date('16-FEB-15','DD-MON-RR'),1278,106,10,10000,16,50,800,80,880);
Insert into SALES
(SALES_DATE,ORDER_ID,PRODUCT_ID,CUSTOMER_ID,SALESPERSON_ID,QUANTITY,UNIT_PRICE,
SALES_AMOUNT,TAX_AMOUNT,TOTAL_AMOUNT) values
(to_date('16-FEB-15','DD-MON-RR'),1279,101,10,11000,18,30,540,54,594);
Insert into SALES
(SALES_DATE,ORDER_ID,PRODUCT_ID,CUSTOMER_ID,SALESPERSON_ID,QUANTITY,UNIT_PRICE,
SALES_AMOUNT,TAX_AMOUNT,TOTAL_AMOUNT) values
(to_date('16-FEB-15','DD-MON-RR'),1280,100,12,12000,20,80,1600,160,1760);
Insert into SALES
(SALES_DATE,ORDER_ID,PRODUCT_ID,CUSTOMER_ID,SALESPERSON_ID,QUANTITY,UNIT_PRICE,
SALES_AMOUNT,TAX_AMOUNT,TOTAL_AMOUNT) values
(to_date('20-FEB-15','DD-MON-RR'),1281,105,12,1000,22,80,1760,176,1936);
Insert into SALES
(SALES_DATE,ORDER_ID,PRODUCT_ID,CUSTOMER_ID,SALESPERSON_ID,QUANTITY,UNIT_PRICE,
SALES_AMOUNT,TAX_AMOUNT,TOTAL_AMOUNT) values
(to_date('21-FEB-15','DD-MON-RR'),1282,106,10,1000,24,20,480,48,528);
Insert into SALES
(SALES_DATE,ORDER_ID,PRODUCT_ID,CUSTOMER_ID,SALESPERSON_ID,QUANTITY,UNIT_PRICE,
SALES_AMOUNT,TAX_AMOUNT,TOTAL_AMOUNT) values
(to_date('22-FEB-15','DD-MON-RR'),1283,101,10,1000,26,30,780,78,858);
Insert into SALES
(SALES_DATE,ORDER_ID,PRODUCT_ID,CUSTOMER_ID,SALESPERSON_ID,QUANTITY,UNIT_PRICE,
SALES_AMOUNT,TAX_AMOUNT,TOTAL_AMOUNT) values
(to_date('23-FEB-15','DD-MON-RR'),1284,100,11,2000,28,30,840,84,924);
Insert into SALES
(SALES_DATE,ORDER_ID,PRODUCT_ID,CUSTOMER_ID,SALESPERSON_ID,QUANTITY,UNIT_PRICE,
SALES_AMOUNT,TAX_AMOUNT,TOTAL_AMOUNT) values
(to_date('24-FEB-15','DD-MON-RR'),1285,105,10,3000,30,70,2100,210,2310);
Insert into SALES
(SALES_DATE,ORDER_ID,PRODUCT_ID,CUSTOMER_ID,SALESPERSON_ID,QUANTITY,UNIT_PRICE,
SALES_AMOUNT,TAX_AMOUNT,TOTAL_AMOUNT)
values (to_date('25-FEB-15','DD-MON-RR'),1286,100,10,3000,32,50,1600,160,1760);
Insert into SALES
(SALES_DATE,ORDER_ID,PRODUCT_ID,CUSTOMER_ID,SALESPERSON_ID,QUANTITY,UNIT_PRICE,
SALES_AMOUNT,TAX_AMOUNT,TOTAL_AMOUNT)
values (to_date('25-FEB-15','DD-MON-RR'),1287,105,10,3000,34,30,1020,102,1122);
Insert into SALES
(SALES_DATE,ORDER_ID,PRODUCT_ID,CUSTOMER_ID,SALESPERSON_ID,QUANTITY,UNIT_PRICE,
SALES_AMOUNT,TAX_AMOUNT,TOTAL_AMOUNT)
values (to_date('25-FEB-15','DD-MON-RR'),1288,106,12,9000,36,80,2880,288,3168);
Insert into SALES
(SALES_DATE,ORDER_ID,PRODUCT_ID,CUSTOMER_ID,SALESPERSON_ID,QUANTITY,UNIT_PRICE,
SALES_AMOUNT,TAX_AMOUNT,TOTAL_AMOUNT)
values (to_date('28-FEB-15','DD-MON-RR'),1289,101,12,10000,38,80,3040,304,3344);
Insert into SALES
(SALES_DATE,ORDER_ID,PRODUCT_ID,CUSTOMER_ID,SALESPERSON_ID,QUANTITY,UNIT_PRICE,
SALES_AMOUNT,TAX_AMOUNT,TOTAL_AMOUNT)
values (to_date('01-MAR-15','DD-MON-RR'),1290,101,10,11000,40,20,800,80,880);
Insert into SALES
(SALES_DATE,ORDER_ID,PRODUCT_ID,CUSTOMER_ID,SALESPERSON_ID,QUANTITY,UNIT_PRICE,
SALES_AMOUNT,TAX_AMOUNT,TOTAL_AMOUNT)
values (to_date('02-MAR-15','DD-MON-RR'),1291,100,10,12000,42,30,1260,126,1386);
Insert into SALES
(SALES_DATE,ORDER_ID,PRODUCT_ID,CUSTOMER_ID,SALESPERSON_ID,QUANTITY,UNIT_PRICE,
SALES_AMOUNT,TAX_AMOUNT,TOTAL_AMOUNT) values
(to_date('02-MAR-15','DD-MON-RR'),1292,105,11,1000,44,30,1320,132,1452);
Insert into SALES
(SALES_DATE,ORDER_ID,PRODUCT_ID,CUSTOMER_ID,SALESPERSON_ID,QUANTITY,UNIT_PRICE,
SALES_AMOUNT,TAX_AMOUNT,TOTAL_AMOUNT) values
(to_date('02-MAR-15','DD-MON-RR'),1293,106,10,1000,46,70,3220,322,3542);
Insert into SALES
(SALES_DATE,ORDER_ID,PRODUCT_ID,CUSTOMER_ID,SALESPERSON_ID,QUANTITY,UNIT_PRICE,
SALES_AMOUNT,TAX_AMOUNT,TOTAL_AMOUNT) values
(to_date('02-MAR-15','DD-MON-RR'),1294,101,10,2000,48,50,2400,240,2640);
Insert into SALES
(SALES_DATE,ORDER_ID,PRODUCT_ID,CUSTOMER_ID,SALESPERSON_ID,QUANTITY,UNIT_PRICE,
SALES_AMOUNT,TAX_AMOUNT,TOTAL_AMOUNT) values
(to_date('06-MAR-15','DD-MON-RR'),1295,100,10,3000,50,30,1500,150,1650);
Insert into SALES
(SALES_DATE,ORDER_ID,PRODUCT_ID,CUSTOMER_ID,SALESPERSON_ID,QUANTITY,UNIT_PRICE,
SALES_AMOUNT,TAX_AMOUNT,TOTAL_AMOUNT) values
(to_date('07-MAR-15','DD-MON-RR'),1296,105,12,9000,52,80,4160,416,4576);
Insert into SALES
(SALES_DATE,ORDER_ID,PRODUCT_ID,CUSTOMER_ID,SALESPERSON_ID,QUANTITY,UNIT_PRICE,
SALES_AMOUNT,TAX_AMOUNT,TOTAL_AMOUNT) values
(to_date('08-MAR-15','DD-MON-RR'),1297,106,12,10000,54,80,4320,432,4752);
Insert into SALES
(SALES_DATE,ORDER_ID,PRODUCT_ID,CUSTOMER_ID,SALESPERSON_ID,QUANTITY,UNIT_PRICE,
SALES_AMOUNT,TAX_AMOUNT,TOTAL_AMOUNT) values
(to_date('09-MAR-15','DD-MON-RR'),1298,101,10,11000,28,20,560,56,616);
Insert into SALES
(SALES_DATE,ORDER_ID,PRODUCT_ID,CUSTOMER_ID,SALESPERSON_ID,QUANTITY,UNIT_PRICE,
SALES_AMOUNT,TAX_AMOUNT,TOTAL_AMOUNT) values
(to_date('08-MAR-15','DD-MON-RR'),1299,100,10,12000,30,30,900,90,990);
Insert into SALES
(SALES_DATE,ORDER_ID,PRODUCT_ID,CUSTOMER_ID,SALESPERSON_ID,QUANTITY,UNIT_PRICE,
SALES_AMOUNT,TAX_AMOUNT,TOTAL_AMOUNT) values
(to_date('08-MAR-15','DD-MON-RR'),1300,100,11,1000,32,30,960,96,1056);
Insert into SALES
(SALES_DATE,ORDER_ID,PRODUCT_ID,CUSTOMER_ID,SALESPERSON_ID,QUANTITY,UNIT_PRICE,
SALES_AMOUNT,TAX_AMOUNT,TOTAL_AMOUNT) values
(to_date('08-MAR-15','DD-MON-RR'),1301,105,10,1000,34,70,2380,238,2618);
Insert into SALES
(SALES_DATE,ORDER_ID,PRODUCT_ID,CUSTOMER_ID,SALESPERSON_ID,QUANTITY,UNIT_PRICE,
SALES_AMOUNT,TAX_AMOUNT,TOTAL_AMOUNT) values
(to_date('08-MAR-15','DD-MON-RR'),1302,106,10,1000,36,50,1800,180,1980);
Insert into SALES
(SALES_DATE,ORDER_ID,PRODUCT_ID,CUSTOMER_ID,SALESPERSON_ID,QUANTITY,UNIT_PRICE,
SALES_AMOUNT,TAX_AMOUNT,TOTAL_AMOUNT)
values (to_date('14-MAR-15','DD-MON-RR'),1303,101,10,1000,38,30,1140,114,1254);
Insert into SALES
(SALES_DATE,ORDER_ID,PRODUCT_ID,CUSTOMER_ID,SALESPERSON_ID,QUANTITY,UNIT_PRICE,
SALES_AMOUNT,TAX_AMOUNT,TOTAL_AMOUNT) values
(to_date('15-MAR-15','DD-MON-RR'),1304,101,10,2000,40,80,3200,320,3520);
Insert into SALES
(SALES_DATE,ORDER_ID,PRODUCT_ID,CUSTOMER_ID,SALESPERSON_ID,QUANTITY,UNIT_PRICE,
SALES_AMOUNT,TAX_AMOUNT,TOTAL_AMOUNT) values
(to_date('16-MAR-15','DD-MON-RR'),1305,100,12,3000,42,80,3360,336,3696);
Insert into SALES
(SALES_DATE,ORDER_ID,PRODUCT_ID,CUSTOMER_ID,SALESPERSON_ID,QUANTITY,UNIT_PRICE,
SALES_AMOUNT,TAX_AMOUNT,TOTAL_AMOUNT) values
(to_date('17-MAR-15','DD-MON-RR'),1306,105,12,3000,44,20,880,88,968);
Insert into SALES
(SALES_DATE,ORDER_ID,PRODUCT_ID,CUSTOMER_ID,SALESPERSON_ID,QUANTITY,UNIT_PRICE,
SALES_AMOUNT,TAX_AMOUNT,TOTAL_AMOUNT) values
(to_date('18-MAR-15','DD-MON-RR'),1307,106,10,3000,46,30,1380,138,1518);
Insert into SALES
(SALES_DATE,ORDER_ID,PRODUCT_ID,CUSTOMER_ID,SALESPERSON_ID,QUANTITY,UNIT_PRICE,
SALES_AMOUNT,TAX_AMOUNT,TOTAL_AMOUNT) values
(to_date('19-MAR-15','DD-MON-RR'),1308,105,10,1000,48,30,1440,144,1584);
Insert into SALES
(SALES_DATE,ORDER_ID,PRODUCT_ID,CUSTOMER_ID,SALESPERSON_ID,QUANTITY,UNIT_PRICE,
SALES_AMOUNT,TAX_AMOUNT,TOTAL_AMOUNT) values
(to_date('19-MAR-15','DD-MON-RR'),1309,106,11,2000,50,70,3500,350,3850);
Insert into SALES
(SALES_DATE,ORDER_ID,PRODUCT_ID,CUSTOMER_ID,SALESPERSON_ID,QUANTITY,UNIT_PRICE,
SALES_AMOUNT,TAX_AMOUNT,TOTAL_AMOUNT) values
(to_date('19-MAR-15','DD-MON-RR'),1310,101,12,3000,52,50,2600,260,2860);
Insert into SALES
(SALES_DATE,ORDER_ID,PRODUCT_ID,CUSTOMER_ID,SALESPERSON_ID,QUANTITY,UNIT_PRICE,
SALES_AMOUNT,TAX_AMOUNT,TOTAL_AMOUNT) values
(to_date('19-MAR-15','DD-MON-RR'),1311,101,12,9000,54,30,1620,162,1782);
Insert into SALES
(SALES_DATE,ORDER_ID,PRODUCT_ID,CUSTOMER_ID,SALESPERSON_ID,QUANTITY,UNIT_PRICE,
SALES_AMOUNT,TAX_AMOUNT,TOTAL_AMOUNT) values
(to_date('23-MAR-15','DD-MON-RR'),1312,100,10,10000,34,80,2720,272,2992);
Insert into SALES
(SALES_DATE,ORDER_ID,PRODUCT_ID,CUSTOMER_ID,SALESPERSON_ID,QUANTITY,UNIT_PRICE,
SALES_AMOUNT,TAX_AMOUNT,TOTAL_AMOUNT) values
(to_date('24-MAR-15','DD-MON-RR'),1313,105,10,1000,36,80,2880,288,3168);
Insert into SALES
(SALES_DATE,ORDER_ID,PRODUCT_ID,CUSTOMER_ID,SALESPERSON_ID,QUANTITY,UNIT_PRICE,
SALES_AMOUNT,TAX_AMOUNT,TOTAL_AMOUNT)
values (to_date('25-MAR-15','DD-MON-RR'),1314,106,11,1000,38,20,760,76,836);
Insert into SALES
(SALES_DATE,ORDER_ID,PRODUCT_ID,CUSTOMER_ID,SALESPERSON_ID,QUANTITY,UNIT_PRICE,
SALES_AMOUNT,TAX_AMOUNT,TOTAL_AMOUNT) values
(to_date('26-MAR-15','DD-MON-RR'),1315,101,10,1000,40,30,1200,120,1320);
Insert into SALES
(SALES_DATE,ORDER_ID,PRODUCT_ID,CUSTOMER_ID,SALESPERSON_ID,QUANTITY,UNIT_PRICE,
SALES_AMOUNT,TAX_AMOUNT,TOTAL_AMOUNT) values
(to_date('27-MAR-15','DD-MON-RR'),1316,100,10,1000,42,30,1260,126,1386);
Insert into SALES
(SALES_DATE,ORDER_ID,PRODUCT_ID,CUSTOMER_ID,SALESPERSON_ID,QUANTITY,UNIT_PRICE,
SALES_AMOUNT,TAX_AMOUNT,TOTAL_AMOUNT) values
(to_date('27-MAR-15','DD-MON-RR'),1317,105,10,2000,44,70,3080,308,3388);
Insert into SALES
(SALES_DATE,ORDER_ID,PRODUCT_ID,CUSTOMER_ID,SALESPERSON_ID,QUANTITY,UNIT_PRICE,
SALES_AMOUNT,TAX_AMOUNT,TOTAL_AMOUNT) values
(to_date('27-MAR-15','DD-MON-RR'),1318,106,10,3000,38,50,1900,190,2090);
Insert into SALES
(SALES_DATE,ORDER_ID,PRODUCT_ID,CUSTOMER_ID,SALESPERSON_ID,QUANTITY,UNIT_PRICE,
SALES_AMOUNT,TAX_AMOUNT,TOTAL_AMOUNT) values
(to_date('27-MAR-15','DD-MON-RR'),1319,101,10,3000,40,30,1200,120,1320);
Insert into SALES
(SALES_DATE,ORDER_ID,PRODUCT_ID,CUSTOMER_ID,SALESPERSON_ID,QUANTITY,UNIT_PRICE,
SALES_AMOUNT,TAX_AMOUNT,TOTAL_AMOUNT) values
(to_date('31-MAR-15','DD-MON-RR'),1320,100,11,3000,42,80,3360,336,3696);
Insert into SALES
(SALES_DATE,ORDER_ID,PRODUCT_ID,CUSTOMER_ID,SALESPERSON_ID,QUANTITY,UNIT_PRICE,
SALES_AMOUNT,TAX_AMOUNT,TOTAL_AMOUNT) values
(to_date('01-APR-15','DD-MON-RR'),1321,100,10,1000,38,80,3040,304,3344);
Insert into SALES
(SALES_DATE,ORDER_ID,PRODUCT_ID,CUSTOMER_ID,SALESPERSON_ID,QUANTITY,UNIT_PRICE,
SALES_AMOUNT,TAX_AMOUNT,TOTAL_AMOUNT) values
(to_date('02-APR-15','DD-MON-RR'),1322,105,10,1000,40,20,800,80,880);
Insert into SALES
(SALES_DATE,ORDER_ID,PRODUCT_ID,CUSTOMER_ID,SALESPERSON_ID,QUANTITY,UNIT_PRICE,
SALES_AMOUNT,TAX_AMOUNT,TOTAL_AMOUNT) values
(to_date('03-APR-15','DD-MON-RR'),1323,106,10,1000,42,30,1260,126,1386);
Insert into SALES
(SALES_DATE,ORDER_ID,PRODUCT_ID,CUSTOMER_ID,SALESPERSON_ID,QUANTITY,UNIT_PRICE,
SALES_AMOUNT,TAX_AMOUNT,TOTAL_AMOUNT) values
(to_date('04-APR-15','DD-MON-RR'),1324,101,12,1000,46,30,1380,138,1518);
Insert into SALES
(SALES_DATE,ORDER_ID,PRODUCT_ID,CUSTOMER_ID,SALESPERSON_ID,QUANTITY,UNIT_PRICE,
SALES_AMOUNT,TAX_AMOUNT,TOTAL_AMOUNT) values
(to_date('04-APR-15','DD-MON-RR'),1325,101,12,2000,48,70,3360,336,3696);
Insert into SALES
(SALES_DATE,ORDER_ID,PRODUCT_ID,CUSTOMER_ID,SALESPERSON_ID,QUANTITY,UNIT_PRICE,
SALES_AMOUNT,TAX_AMOUNT,TOTAL_AMOUNT) values
(to_date('04-APR-15','DD-MON-RR'),1326,101,10,3000,50,50,2500,250,2750);
Insert into SALES
(SALES_DATE,ORDER_ID,PRODUCT_ID,CUSTOMER_ID,SALESPERSON_ID,QUANTITY,UNIT_PRICE,
SALES_AMOUNT,TAX_AMOUNT,TOTAL_AMOUNT) values
(to_date('04-APR-15','DD-MON-RR'),1327,101,10,3000,52,30,1560,156,1716);
Insert into SALES
(SALES_DATE,ORDER_ID,PRODUCT_ID,CUSTOMER_ID,SALESPERSON_ID,QUANTITY,UNIT_PRICE,
SALES_AMOUNT,TAX_AMOUNT,TOTAL_AMOUNT) values
(to_date('08-APR-15','DD-MON-RR'),1328,101,11,3000,54,80,4320,432,4752);
Insert into SALES
(SALES_DATE,ORDER_ID,PRODUCT_ID,CUSTOMER_ID,SALESPERSON_ID,QUANTITY,UNIT_PRICE,
SALES_AMOUNT,TAX_AMOUNT,TOTAL_AMOUNT) values
(to_date('09-APR-15','DD-MON-RR'),1329,101,10,3000,28,80,2240,224,2464);
Insert into SALES
(SALES_DATE,ORDER_ID,PRODUCT_ID,CUSTOMER_ID,SALESPERSON_ID,QUANTITY,UNIT_PRICE,
SALES_AMOUNT,TAX_AMOUNT,TOTAL_AMOUNT) values
(to_date('10-APR-15','DD-MON-RR'),1330,101,10,9000,30,20,600,60,660);
Insert into SALES
(SALES_DATE,ORDER_ID,PRODUCT_ID,CUSTOMER_ID,SALESPERSON_ID,QUANTITY,UNIT_PRICE,
SALES_AMOUNT,TAX_AMOUNT,TOTAL_AMOUNT) values
(to_date('11-APR-15','DD-MON-RR'),1331,101,10,10000,32,30,960,96,1056);
Insert into SALES
(SALES_DATE,ORDER_ID,PRODUCT_ID,CUSTOMER_ID,SALESPERSON_ID,QUANTITY,UNIT_PRICE,
SALES_AMOUNT,TAX_AMOUNT,TOTAL_AMOUNT) values
(to_date('10-APR-15','DD-MON-RR'),1332,101,12,1000,34,30,1020,102,1122);
Insert into SALES
(SALES_DATE,ORDER_ID,PRODUCT_ID,CUSTOMER_ID,SALESPERSON_ID,QUANTITY,UNIT_PRICE,
SALES_AMOUNT,TAX_AMOUNT,TOTAL_AMOUNT) values
(to_date('10-APR-15','DD-MON-RR'),1333,100,12,1000,36,70,2520,252,2772);
Insert into SALES
(SALES_DATE,ORDER_ID,PRODUCT_ID,CUSTOMER_ID,SALESPERSON_ID,QUANTITY,UNIT_PRICE,
SALES_AMOUNT,TAX_AMOUNT,TOTAL_AMOUNT) values
(to_date('10-APR-15','DD-MON-RR'),1334,100,10,1000,38,50,1900,190,2090);
Insert into SALES
(SALES_DATE,ORDER_ID,PRODUCT_ID,CUSTOMER_ID,SALESPERSON_ID,QUANTITY,UNIT_PRICE,
SALES_AMOUNT,TAX_AMOUNT,TOTAL_AMOUNT) values
(to_date('15-APR-15','DD-MON-RR'),1335,100,10,1000,40,30,1200,120,1320);
Insert into SALES
(SALES_DATE,ORDER_ID,PRODUCT_ID,CUSTOMER_ID,SALESPERSON_ID,QUANTITY,UNIT_PRICE,
SALES_AMOUNT,TAX_AMOUNT,TOTAL_AMOUNT) values
(to_date('16-APR-15','DD-MON-RR'),1336,100,11,2000,42,80,3360,336,3696);
Insert into SALES
(SALES_DATE,ORDER_ID,PRODUCT_ID,CUSTOMER_ID,SALESPERSON_ID,QUANTITY,UNIT_PRICE,
SALES_AMOUNT,TAX_AMOUNT,TOTAL_AMOUNT) values
(to_date('17-APR-15','DD-MON-RR'),1337,100,10,3000,40,80,3200,320,3520);
Insert into SALES
(SALES_DATE,ORDER_ID,PRODUCT_ID,CUSTOMER_ID,SALESPERSON_ID,QUANTITY,UNIT_PRICE,
SALES_AMOUNT,TAX_AMOUNT,TOTAL_AMOUNT) values
(to_date('18-APR-15','DD-MON-RR'),1338,101,12,3000,42,20,840,84,924);
Insert into SALES
(SALES_DATE,ORDER_ID,PRODUCT_ID,CUSTOMER_ID,SALESPERSON_ID,QUANTITY,UNIT_PRICE,
SALES_AMOUNT,TAX_AMOUNT,TOTAL_AMOUNT)
values
(to_date('18-APR-15','DD-MON-RR'),1339,101,12,3000,44,30,1320,132,1452);
Insert into SALES
(SALES_DATE,ORDER_ID,PRODUCT_ID,CUSTOMER_ID,SALESPERSON_ID,QUANTITY,UNIT_PRICE,
SALES_AMOUNT,TAX_AMOUNT,TOTAL_AMOUNT) values
(to_date('18-APR-15','DD-MON-RR'),1340,101,10,12000,38,30,1140,114,1254);
Insert into SALES
(SALES_DATE,ORDER_ID,PRODUCT_ID,CUSTOMER_ID,SALESPERSON_ID,QUANTITY,UNIT_PRICE,
SALES_AMOUNT,TAX_AMOUNT,TOTAL_AMOUNT) values
(to_date('18-APR-15','DD-MON-RR'),1341,101,10,12000,40,70,2800,280,3080);
Insert into SALES
(SALES_DATE,ORDER_ID,PRODUCT_ID,CUSTOMER_ID,SALESPERSON_ID,QUANTITY,UNIT_PRICE,
SALES_AMOUNT,TAX_AMOUNT,TOTAL_AMOUNT) values
(to_date('22-APR-15','DD-MON-RR'),1342,101,12,12000,42,50,2100,210,2310);
Insert into SALES
(SALES_DATE,ORDER_ID,PRODUCT_ID,CUSTOMER_ID,SALESPERSON_ID,QUANTITY,UNIT_PRICE,
SALES_AMOUNT,TAX_AMOUNT,TOTAL_AMOUNT) values
(to_date('23-APR-15','DD-MON-RR'),1343,101,12,12000,38,30,1140,114,1254);
Insert into SALES
(SALES_DATE,ORDER_ID,PRODUCT_ID,CUSTOMER_ID,SALESPERSON_ID,QUANTITY,UNIT_PRICE,
SALES_AMOUNT,TAX_AMOUNT,TOTAL_AMOUNT) values
(to_date('24-APR-15','DD-MON-RR'),1344,101,10,12000,40,80,3200,320,3520);
Insert into SALES
(SALES_DATE,ORDER_ID,PRODUCT_ID,CUSTOMER_ID,SALESPERSON_ID,QUANTITY,UNIT_PRICE,
SALES_AMOUNT,TAX_AMOUNT,TOTAL_AMOUNT) values
(to_date('25-APR-15','DD-MON-RR'),1345,100,10,12000,40,80,3200,320,3520);
Insert into SALES
(SALES_DATE,ORDER_ID,PRODUCT_ID,CUSTOMER_ID,SALESPERSON_ID,QUANTITY,UNIT_PRICE,
SALES_AMOUNT,TAX_AMOUNT,TOTAL_AMOUNT) values
(to_date('26-APR-15','DD-MON-RR'),1346,100,11,12000,42,20,840,84,924);
Insert into SALES
(SALES_DATE,ORDER_ID,PRODUCT_ID,CUSTOMER_ID,SALESPERSON_ID,QUANTITY,UNIT_PRICE,
SALES_AMOUNT,TAX_AMOUNT,TOTAL_AMOUNT) values
(to_date('27-APR-15','DD-MON-RR'),1347,100,12,1000,44,30,1320,132,1452);
Insert into SALES
(SALES_DATE,ORDER_ID,PRODUCT_ID,CUSTOMER_ID,SALESPERSON_ID,QUANTITY,UNIT_PRICE,
SALES_AMOUNT,TAX_AMOUNT,TOTAL_AMOUNT) values
(to_date('27-APR-15','DD-MON-RR'),1348,100,12,1000,38,30,1140,114,1254);
Insert into SALES
(SALES_DATE,ORDER_ID,PRODUCT_ID,CUSTOMER_ID,SALESPERSON_ID,QUANTITY,UNIT_PRICE,
SALES_AMOUNT,TAX_AMOUNT,TOTAL_AMOUNT) values
(to_date('27-APR-15','DD-MON-RR'),1349,100,10,1000,40,70,2800,280,3080);
Insert into SALES
(SALES_DATE,ORDER_ID,PRODUCT_ID,CUSTOMER_ID,SALESPERSON_ID,QUANTITY,UNIT_PRICE,
SALES_AMOUNT,TAX_AMOUNT,TOTAL_AMOUNT) values
(to_date('30-APR-15','DD-MON-RR'),1350,100,10,1000,42,50,2100,210,2310);
Insert into SALES
(SALES_DATE,ORDER_ID,PRODUCT_ID,CUSTOMER_ID,SALESPERSON_ID,QUANTITY,UNIT_PRICE,
SALES_AMOUNT,TAX_AMOUNT,TOTAL_AMOUNT) values
(to_date('01-MAY-15','DD-MON-RR'),1351,100,11,1000,38,30,1140,114,1254);
Insert into SALES
(SALES_DATE,ORDER_ID,PRODUCT_ID,CUSTOMER_ID,SALESPERSON_ID,QUANTITY,UNIT_PRICE,
SALES_AMOUNT,TAX_AMOUNT,TOTAL_AMOUNT) values
(to_date('12-JAN-15','DD-MON-RR'),1589,101,12,1000,20,20,400,40,440);

Insert into SALES_HISTORY
(SALES_DATE,ORDER_ID,PRODUCT_ID,CUSTOMER_ID,SALESPERSON_ID,QUANTITY,UNIT_PRICE,
SALES_AMOUNT,TAX_AMOUNT,TOTAL_AMOUNT)
values (to_date('01-JAN-15','DD-MON-YY'),1267,100,10,1000,2,20,40,4,44);
Insert into SALES_HISTORY
(SALES_DATE,ORDER_ID,PRODUCT_ID,CUSTOMER_ID,SALESPERSON_ID,QUANTITY,UNIT_PRICE,
SALES_AMOUNT,TAX_AMOUNT,TOTAL_AMOUNT)
values (to_date('01-JAN-15','DD-MON-YY'),1267,101,10,1000,2,30,60,6,66);
Insert into SALES_HISTORY
(SALES_DATE,ORDER_ID,PRODUCT_ID,CUSTOMER_ID,SALESPERSON_ID,QUANTITY,UNIT_PRICE,
SALES_AMOUNT,TAX_AMOUNT,TOTAL_AMOUNT)
values (to_date('07-JAN-15','DD-MON-YY'),1268,100,11,2000,10,30,300,30,330);

Insert into SALESPERSON
(SALESPERSON_ID,JOB_TITLE,FIRST_NAME,LAST_NAME,MIDDLE_NAME,ADDRESS_LINE1,
ADDRESS_LINE2,CITY,COUNTRY,DATE_ADDED,MANAGER) values
(1000,'Supervisor','Peter','Mann','R','4567 ashfordroad',null,'Atlanta','USA',
to_date('12-JAN-14','DD-MON-RR'),'Tom');
Insert into SALESPERSON
(SALESPERSON_ID,JOB_TITLE,FIRST_NAME,LAST_NAME,MIDDLE_NAME,ADDRESS_LINE1,
ADDRESS_LINE2,CITY,COUNTRY,DATE_ADDED,MANAGER) values
(2000,'Supervisor','John','King','A','67 dunwoody road',null,'Las Vegas','USA',
to_date('14-JAN-14','DD-MON-RR'),'Tom');
Insert into SALESPERSON
(SALESPERSON_ID,JOB_TITLE,FIRST_NAME,LAST_NAME,MIDDLE_NAME,ADDRESS_LINE1,
ADDRESS_LINE2,CITY,COUNTRY,DATE_ADDED,MANAGER) values
(3000,'Supervisor','Bob','Moris','A','679 glendrigedr',null,'Orlando','USA',
to_date('14-FEB-14','DD-MON-RR'),'Raj');
Insert into SALESPERSON
(SALESPERSON_ID,JOB_TITLE,FIRST_NAME,LAST_NAME,MIDDLE_NAME,ADDRESS_LINE1,
ADDRESS_LINE2,CITY,COUNTRY,DATE_ADDED,MANAGER) values
(4000,'President','Jeff','Afonso','B','234 peachtreetree st',null,'California','USA',
to_date('14-FEB-14','DD-MON-RR'),null);
Insert into SALESPERSON
(SALESPERSON_ID,JOB_TITLE,FIRST_NAME,LAST_NAME,MIDDLE_NAME,ADDRESS_LINE1,
ADDRESS_LINE2,CITY,COUNTRY,DATE_ADDED,MANAGER) values
(5000,'Manager','Raj','Kishore','J','456 walTers cir',null,'Miami','USA',
to_date('15-FEB-14','DD-MON-RR'),'Jeff');
Insert into SALESPERSON
(SALESPERSON_ID,JOB_TITLE,FIRST_NAME,LAST_NAME,MIDDLE_NAME,ADDRESS_LINE1,
ADDRESS_LINE2,CITY,COUNTRY,DATE_ADDED,MANAGER) values
(6000,'Entry Level','Sonu','Agarwal','I','458+ gandhi road',null,'New York','USA',
to_date('16-FEB-14','DD-MON-RR'),'Peter');
Insert into SALESPERSON
(SALESPERSON_ID,JOB_TITLE,FIRST_NAME,LAST_NAME,MIDDLE_NAME,ADDRESS_LINE1,
ADDRESS_LINE2,CITY,COUNTRY,DATE_ADDED,MANAGER) values
(7000,'Supervisor','Greg','Chappel','U','345 seneca ct',null,'Boston','USA',
to_date('17-FEB-14','DD-MON-RR'),'Raj');
Insert into SALESPERSON
(SALESPERSON_ID,JOB_TITLE,FIRST_NAME,LAST_NAME,MIDDLE_NAME,ADDRESS_LINE1,
ADDRESS_LINE2,CITY,COUNTRY,DATE_ADDED,MANAGER) values
(8000,'Entry Level','Rehman','Ahmed','E','908 peter drive',null,'Atlanta','USA',
to_date('18-FEB-14','DD-MON-RR'),'Bob');
Insert into SALESPERSON
(SALESPERSON_ID,JOB_TITLE,FIRST_NAME,LAST_NAME,MIDDLE_NAME,ADDRESS_LINE1,
ADDRESS_LINE2,CITY,COUNTRY,DATE_ADDED,MANAGER) values
(9000,'Entry Level','Patel','Hari',null,'47890 hammond dr',null,'Orlando','USA',
to_date('19-FEB-14','DD-MON-RR'),'Peter');
Insert into SALESPERSON
(SALESPERSON_ID,JOB_TITLE,FIRST_NAME,LAST_NAME,MIDDLE_NAME,ADDRESS_LINE1,
ADDRESS_LINE2,CITY,COUNTRY,DATE_ADDED,MANAGER) values
(10000,'Manager','Tom','Joseph','O','789 califooor st',null,'California','USA',
to_date('20-FEB-14','DD-MON-RR'),'Jeff');
Insert into SALESPERSON
(SALESPERSON_ID,JOB_TITLE,FIRST_NAME,LAST_NAME,MIDDLE_NAME,ADDRESS_LINE1,
ADDRESS_LINE2,CITY,COUNTRY,DATE_ADDED,MANAGER) values
(11000,'Entry Level','Anil','Krishna','P','2354 king st',null,'Miami','USA',
to_date('21-FEB-14','DD-MON-RR'),'Greg');
Insert into SALESPERSON
(SALESPERSON_ID,JOB_TITLE,FIRST_NAME,LAST_NAME,MIDDLE_NAME,ADDRESS_LINE1,
ADDRESS_LINE2,CITY,COUNTRY,DATE_ADDED,MANAGER) values
(12000,'Entry Level','James','Gavin','W','456 chris ave',null,'New York','USA',
to_date('22-FEB-14','DD-MON-RR'),'John');
Insert into SALESPERSON
(SALESPERSON_ID,JOB_TITLE,FIRST_NAME,LAST_NAME,MIDDLE_NAME,ADDRESS_LINE1,
ADDRESS_LINE2,CITY,COUNTRY,DATE_ADDED,MANAGER) values
(13000,'Entry Level','Sara','K','E','678 larawd st',null,'Mississippi','USA',
to_date('23-FEB-14','DD-MON-RR'),'Bob');


CREATE TABLE DEPT
(
  DEPTNO INTEGER CONSTRAINT PK_DEPT PRIMARY KEY,
  DNAME VARCHAR(14),
  LOC VARCHAR(13)
);

CREATE TABLE EMP
(
  EMPNO INTEGER CONSTRAINT PK_EMP PRIMARY KEY,
  ENAME VARCHAR(10),
  JOB VARCHAR(9),
  MGR INTEGER,
  HIREDATE DATE,
  SAL NUMERIC(7,2),
  COMM NUMERIC(7,2),
  DEPTNO INTEGER CONSTRAINT FK_DEPTNO REFERENCES DEPT
);

INSERT INTO DEPT VALUES
    (10,'ACCOUNTING','NEW YORK');

--------------------------------------------------------------

CREATE TABLE BONUS
(
  ENAME VARCHAR(10),
  JOB VARCHAR(9),
  SAL NUMERIC,
  COMM NUMERIC
);
CREATE TABLE SALGRADE
(
  GRADE INTEGER,
  LOSAL NUMERIC,
  HISAL NUMERIC
);

--------------------------------------------------------------

INSERT INTO DEPT VALUES (20,'RESEARCH','DALLAS');
INSERT INTO DEPT VALUES
    (30,'SALES','CHICAGO');
INSERT INTO DEPT VALUES
    (40,'OPERATIONS','BOSTON');
INSERT INTO EMP VALUES
(7369,'SMITH','CLERK',7902,to_date('17-12-1980','dd-mm-yyyy'),800,NULL,20);

INSERT INTO EMP VALUES
(7499,'ALLEN','SALESMAN',7698,to_date('20-2-1981','dd-mm-yyyy'),1600,300,30);
INSERT INTO EMP VALUES
(7521,'WARD','SALESMAN',7698,to_date('22-2-1981','dd-mm-yyyy'),1250,500,30);
INSERT INTO EMP VALUES
(7566,'JONES','MANAGER',7839,to_date('2-4-1981','dd-mm-yyyy'),2975,NULL,20);
INSERT INTO EMP VALUES
(7654,'MARTIN','SALESMAN',7698,to_date('28-9-1981','dd-mm-yyyy'),1250,1400,30);

INSERT INTO EMP VALUES
(7698,'BLAKE','MANAGER',7839,to_date('1-5-1981','dd-mm-yyyy'),2850,NULL,30);
INSERT INTO EMP VALUES
(7782,'CLARK','MANAGER',7839,to_date('9-6-1981','dd-mm-yyyy'),2450,NULL,10);
INSERT INTO EMP VALUES
(7788,'SCOTT','ANALYST',7566,to_date('13-JUL-87','dd-MON-rr')-85,3000,NULL,20);
INSERT INTO EMP VALUES
(7839,'KING','PRESIDENT',NULL,to_date('17-11-1981','dd-mm-yyyy'),5000,NULL,10);
INSERT INTO EMP VALUES
(7844,'TURNER','SALESMAN',7698,to_date('8-9-1981','dd-mm-yyyy'),1500,0,30);
INSERT INTO EMP VALUES
(7876,'ADAMS','CLERK',7788,to_date('13-JUL-87', 'dd-MON-rr')-51,1100,NULL,20);
INSERT INTO EMP VALUES
(7900,'JAMES','CLERK',7698,to_date('3-12-1981','dd-mm-yyyy'),950,NULL,30);
INSERT INTO EMP VALUES
(7902,'FORD','ANALYST',7566,to_date('3-12-1981','dd-mm-yyyy'),3000,NULL,20);
INSERT INTO EMP VALUES
(7934,'MILLER','CLERK',7782,to_date('23-1-1982','dd-mm-yyyy'),1300,NULL,10);

--------------------------------------------------------------

INSERT INTO SALGRADE VALUES (1,700,1200);
INSERT INTO SALGRADE VALUES (2,1201,1400);
INSERT INTO SALGRADE VALUES (3,1401,2000);
INSERT INTO SALGRADE VALUES (4,2001,3000);
INSERT INTO SALGRADE VALUES (5,3001,9999);